--
-- PostgreSQL database dump
--

-- Dumped from database version 14.0
-- Dumped by pg_dump version 14.0

-- Started on 2023-03-05 17:08:49

SET statement_timeout = 0;
SET lock_timeout = 0;
SET idle_in_transaction_session_timeout = 0;
SET client_encoding = 'UTF8';
SET standard_conforming_strings = on;
SELECT pg_catalog.set_config('search_path', '', false);
SET check_function_bodies = false;
SET xmloption = content;
SET client_min_messages = warning;
SET row_security = off;

--
-- TOC entry 209 (class 1259 OID 47109)
-- Name: applications_sequence; Type: SEQUENCE; Schema: public; Owner: postgres
--

CREATE SEQUENCE public.applications_sequence
    START WITH 1
    INCREMENT BY 1
    NO MINVALUE
    NO MAXVALUE
    CACHE 1;


ALTER TABLE public.applications_sequence OWNER TO postgres;

SET default_tablespace = '';

SET default_table_access_method = heap;

--
-- TOC entry 218 (class 1259 OID 55890)
-- Name: availability; Type: TABLE; Schema: public; Owner: postgres
--

CREATE TABLE public.availability (
    availability_id bigint NOT NULL,
    from_date date,
    to_date date,
    fk_id_person bigint
);


ALTER TABLE public.availability OWNER TO postgres;

--
-- TOC entry 213 (class 1259 OID 55832)
-- Name: availability_sequence; Type: SEQUENCE; Schema: public; Owner: postgres
--

CREATE SEQUENCE public.availability_sequence
    START WITH 1
    INCREMENT BY 1
    NO MINVALUE
    NO MAXVALUE
    CACHE 1;


ALTER TABLE public.availability_sequence OWNER TO postgres;

--
-- TOC entry 210 (class 1259 OID 55804)
-- Name: competence; Type: TABLE; Schema: public; Owner: postgres
--

CREATE TABLE public.competence (
    competence_id bigint NOT NULL,
    competence_name text NOT NULL
);


ALTER TABLE public.competence OWNER TO postgres;

--
-- TOC entry 219 (class 1259 OID 55895)
-- Name: competence_profile; Type: TABLE; Schema: public; Owner: postgres
--

CREATE TABLE public.competence_profile (
    competence_profile_id bigint NOT NULL,
    years_of_experience numeric,
    fk_id_competence bigint,
    fk_id_person bigint
);


ALTER TABLE public.competence_profile OWNER TO postgres;

--
-- TOC entry 214 (class 1259 OID 55833)
-- Name: competence_profile_sequence; Type: SEQUENCE; Schema: public; Owner: postgres
--

CREATE SEQUENCE public.competence_profile_sequence
    START WITH 1
    INCREMENT BY 1
    NO MINVALUE
    NO MAXVALUE
    CACHE 1;


ALTER TABLE public.competence_profile_sequence OWNER TO postgres;

--
-- TOC entry 215 (class 1259 OID 55834)
-- Name: competence_sequence; Type: SEQUENCE; Schema: public; Owner: postgres
--

CREATE SEQUENCE public.competence_sequence
    START WITH 1
    INCREMENT BY 1
    NO MINVALUE
    NO MAXVALUE
    CACHE 1;


ALTER TABLE public.competence_sequence OWNER TO postgres;

--
-- TOC entry 211 (class 1259 OID 55816)
-- Name: person; Type: TABLE; Schema: public; Owner: postgres
--

CREATE TABLE public.person (
    person_id bigint NOT NULL,
    status text,
    email text,
    firstname text,
    password text,
    pnr text,
    surname text,
    username text,
    fk_id_role bigint
);


ALTER TABLE public.person OWNER TO postgres;

--
-- TOC entry 216 (class 1259 OID 55835)
-- Name: person_sequence; Type: SEQUENCE; Schema: public; Owner: postgres
--

CREATE SEQUENCE public.person_sequence
    START WITH 1000
    INCREMENT BY 1
    NO MINVALUE
    NO MAXVALUE
    CACHE 1;


ALTER TABLE public.person_sequence OWNER TO postgres;

--
-- TOC entry 212 (class 1259 OID 55823)
-- Name: role; Type: TABLE; Schema: public; Owner: postgres
--

CREATE TABLE public.role (
    id bigint NOT NULL,
    role_name text NOT NULL
);


ALTER TABLE public.role OWNER TO postgres;

--
-- TOC entry 217 (class 1259 OID 55836)
-- Name: role_sequence; Type: SEQUENCE; Schema: public; Owner: postgres
--

CREATE SEQUENCE public.role_sequence
    START WITH 1
    INCREMENT BY 1
    NO MINVALUE
    NO MAXVALUE
    CACHE 1;


ALTER TABLE public.role_sequence OWNER TO postgres;

--
-- TOC entry 3349 (class 0 OID 55890)
-- Dependencies: 218
-- Data for Name: availability; Type: TABLE DATA; Schema: public; Owner: postgres
--

COPY public.availability (availability_id, from_date, to_date, fk_id_person) FROM stdin;
3	2023-02-03	2023-03-03	1012
4	2023-01-03	2023-03-03	1012
\.


--
-- TOC entry 3341 (class 0 OID 55804)
-- Dependencies: 210
-- Data for Name: competence; Type: TABLE DATA; Schema: public; Owner: postgres
--

COPY public.competence (competence_id, competence_name) FROM stdin;
1	ticket sales
2	lotteries
3	roller coaster operation
\.


--
-- TOC entry 3350 (class 0 OID 55895)
-- Dependencies: 219
-- Data for Name: competence_profile; Type: TABLE DATA; Schema: public; Owner: postgres
--

COPY public.competence_profile (competence_profile_id, years_of_experience, fk_id_competence, fk_id_person) FROM stdin;
3	10	1	1012
4	5	2	1012
\.


--
-- TOC entry 3342 (class 0 OID 55816)
-- Dependencies: 211
-- Data for Name: person; Type: TABLE DATA; Schema: public; Owner: postgres
--

COPY public.person (person_id, status, email, firstname, password, pnr, surname, username, fk_id_role) FROM stdin;
19	Unhandled	kirkland_ifeoma3583@finnsinte.se	Ifeoma	\N	20070317-8141	Kirkland	kirkland_ifeoma3583@finnsinte.se	2
20	Unhandled	c_washington2540@finnsinte.se	Charity	\N	20090717-3177	Washington	c_washington2540@finnsinte.se	2
21	Unhandled	h_edward@finnsinte.se	Edward	\N	20000715-0456	Hess	h_edward@finnsinte.se	2
22	Unhandled	t.dean2756@finnsinte.se	Tamara	\N	20010412-7665	Dean	t.dean2756@finnsinte.se	2
23	Unhandled	teagandillard3572@finnsinte.se	Teagan	\N	20050115-3901	Dillard	teagandillard3572@finnsinte.se	2
24	Unhandled	k_cox@finnsinte.se	Kennedy	\N	20060519-1626	Cox	k_cox@finnsinte.se	2
25	Unhandled	vcash5503@finnsinte.se	Violet	\N	20060417-3860	Cash	vcash5503@finnsinte.se	2
26	Unhandled	r-hasad9172@finnsinte.se	Hasad	\N	20070618-7746	Roth	r-hasad9172@finnsinte.se	2
27	Unhandled	deanedward@finnsinte.se	Edward	\N	20030414-8066	Dean	deanedward@finnsinte.se	2
28	Unhandled	jin_soto7144@finnsinte.se	Jin	\N	20050718-7025	Soto	jin_soto7144@finnsinte.se	2
29	Unhandled	g.colorado@finnsinte.se	Colorado	\N	20020217-9638	Gentry	g.colorado@finnsinte.se	2
30	Unhandled	n_horn@finnsinte.se	Nolan	\N	20060518-1513	Horn	n_horn@finnsinte.se	2
31	Unhandled	whedy9508@finnsinte.se	Hedy	\N	20030513-2431	Wall	whedy9508@finnsinte.se	2
32	Unhandled	rosales-uta7680@finnsinte.se	Uta	\N	20070519-2332	Rosales	rosales-uta7680@finnsinte.se	2
33	Unhandled	bauer_wynter3952@finnsinte.se	Wynter	\N	20020817-4226	Bauer	bauer_wynter3952@finnsinte.se	2
34	Unhandled	z_taylor4907@finnsinte.se	Zorita	\N	20070715-6572	Taylor	z_taylor4907@finnsinte.se	2
35	Unhandled	ckelly@finnsinte.se	Kelly	\N	20080313-8250	Chase	ckelly@finnsinte.se	2
36	Unhandled	g.bird@finnsinte.se	Gage	\N	20030817-1875	Bird	g.bird@finnsinte.se	2
37	Unhandled	ipuckett3636@finnsinte.se	Isabelle	\N	20030214-5836	Puckett	ipuckett3636@finnsinte.se	2
38	Unhandled	chantale_yates6675@finnsinte.se	Chantale	\N	20040116-8047	Yates	chantale_yates6675@finnsinte.se	2
39	Unhandled	cora-hooper6546@finnsinte.se	Cora	\N	20040812-3568	Hooper	cora-hooper6546@finnsinte.se	2
40	Unhandled	workman_belle1993@finnsinte.se	Belle	\N	20040516-6176	Workman	workman_belle1993@finnsinte.se	2
41	Unhandled	mason.zachary@finnsinte.se	Zachary	\N	20040417-2387	Mason	mason.zachary@finnsinte.se	2
42	Unhandled	boyer.kaitlin@finnsinte.se	Kaitlin	\N	20030617-1376	Boyer	boyer.kaitlin@finnsinte.se	2
43	Unhandled	p.estes@finnsinte.se	Petra	\N	20010212-8352	Estes	p.estes@finnsinte.se	2
44	Unhandled	apeterson@finnsinte.se	Amaya	\N	20050514-8177	Peterson	apeterson@finnsinte.se	2
45	Unhandled	brutledge@finnsinte.se	Brady	\N	20010711-8352	Rutledge	brutledge@finnsinte.se	2
46	Unhandled	s_paul@finnsinte.se	Sylvia	\N	20010717-2251	Paul	s_paul@finnsinte.se	2
47	Unhandled	isaac_espinoza6687@finnsinte.se	Isaac	\N	20030312-7287	Espinoza	isaac_espinoza6687@finnsinte.se	2
48	Unhandled	g.nathaniel8532@finnsinte.se	Nathaniel	\N	20020618-8032	Gregory	g.nathaniel8532@finnsinte.se	2
49	Unhandled	a-phelan@finnsinte.se	Phelan	\N	20010418-1311	Aguirre	a-phelan@finnsinte.se	2
50	Unhandled	mayo-jayme@finnsinte.se	Jayme	\N	20070219-3245	Mayo	mayo-jayme@finnsinte.se	2
51	Unhandled	j-lancaster777@finnsinte.se	Jordan	\N	20000612-5724	Lancaster	j-lancaster777@finnsinte.se	2
52	Unhandled	i.gallegos4326@finnsinte.se	Idona	\N	20040319-7248	Gallegos	i.gallegos4326@finnsinte.se	2
53	Unhandled	wolf_arsenio@finnsinte.se	Arsenio	\N	20010418-6386	Wolf	wolf_arsenio@finnsinte.se	2
54	Unhandled	willow.burt5992@finnsinte.se	Willow	\N	20040218-3778	Burt	willow.burt5992@finnsinte.se	2
55	Unhandled	a.kim2350@finnsinte.se	Kim	\N	20060417-8506	Anthony	a.kim2350@finnsinte.se	2
56	Unhandled	watkins.addison@finnsinte.se	Addison	\N	20010211-8019	Watkins	watkins.addison@finnsinte.se	2
57	Unhandled	fuller_parker7139@finnsinte.se	Fuller	\N	20040616-4405	Parker	fuller_parker7139@finnsinte.se	2
58	Unhandled	carlos.conley1508@finnsinte.se	Carlos	\N	20070514-3078	Conley	carlos.conley1508@finnsinte.se	2
59	Unhandled	p-petersen@finnsinte.se	Phelan	\N	20010812-6279	Petersen	p-petersen@finnsinte.se	2
60	Unhandled	msimmons9269@finnsinte.se	Miranda	\N	20030413-3866	Simmons	msimmons9269@finnsinte.se	2
61	Unhandled	joyner.malcolm5157@finnsinte.se	Malcolm	\N	20030818-8642	Joyner	joyner.malcolm5157@finnsinte.se	2
62	Unhandled	c_hines3755@finnsinte.se	Chaney	\N	20020518-4355	Hines	c_hines3755@finnsinte.se	2
63	Unhandled	u.jordan3996@finnsinte.se	Upton	\N	20050815-7417	Jordan	u.jordan3996@finnsinte.se	2
64	Unhandled	ortizallegra7177@finnsinte.se	Allegra	\N	20040313-6569	Ortiz	ortizallegra7177@finnsinte.se	2
65	Unhandled	f-montoya6652@finnsinte.se	Ferdinand	\N	20050912-5127	Montoya	f-montoya6652@finnsinte.se	2
66	Unhandled	danielle-brooks7385@finnsinte.se	Danielle	\N	20050718-4980	Brooks	danielle-brooks7385@finnsinte.se	2
67	Unhandled	wilkerson-shannon380@finnsinte.se	Shannon	\N	20000119-8931	Wilkerson	wilkerson-shannon380@finnsinte.se	2
10	\N	Austin.Mueller@companyDomain.com	Austin	$2a$10$OYsPsr0rUonmjmYyo/altOPAKDQzMMZ7frP4kvfCbznquY0CwI816	\N	Mueller	AustinMueller	1
9	\N	Phillip.Ramsey@companyDomain.com	Phillip	$2a$10$qxj3YC1xYqfSCMtVa2z9EOR5KbzLabGDz3aYYYxEDGbfdCzEfFkfW	\N	Ramsey	PhillipRamsey	1
68	Unhandled	j-ezekiel5651@finnsinte.se	Ezekiel	\N	20000215-8505	Justice	j-ezekiel5651@finnsinte.se	2
69	Unhandled	m-kelsey1545@finnsinte.se	Kelsey	\N	20030214-6929	Mendez	m-kelsey1545@finnsinte.se	2
70	Unhandled	g_perry@finnsinte.se	Perry	\N	20020412-8564	Gutierrez	g_perry@finnsinte.se	2
71	Unhandled	mcpherson_desiree8389@finnsinte.se	Desiree	\N	20020818-2825	Mcpherson	mcpherson_desiree8389@finnsinte.se	2
72	Unhandled	miller_abraham7614@finnsinte.se	Abraham	\N	20050811-7718	Miller	miller_abraham7614@finnsinte.se	2
73	Unhandled	j_underwood6796@finnsinte.se	Julie	\N	20030413-5867	Underwood	j_underwood6796@finnsinte.se	2
74	Unhandled	heath_bruce@finnsinte.se	Bruce	\N	20060211-2504	Heath	heath_bruce@finnsinte.se	2
75	Unhandled	s-chang@finnsinte.se	Shelly	\N	20050812-7226	Chang	s-chang@finnsinte.se	2
76	Unhandled	gibsonkaseem@finnsinte.se	Kaseem	\N	20070713-8468	Gibson	gibsonkaseem@finnsinte.se	2
77	Unhandled	v_charles@finnsinte.se	Vance	\N	20070518-8166	Charles	v_charles@finnsinte.se	2
78	Unhandled	a_ellis@finnsinte.se	Asher	\N	20040614-3134	Ellis	a_ellis@finnsinte.se	2
79	Unhandled	alea-jordan@finnsinte.se	Alea	\N	20030215-4541	Jordan	alea-jordan@finnsinte.se	2
80	Unhandled	r_xandra@finnsinte.se	Xandra	\N	20050511-4351	Raymond	r_xandra@finnsinte.se	2
81	Unhandled	tashyasavage@finnsinte.se	Tashya	\N	20080615-2714	Savage	tashyasavage@finnsinte.se	2
82	Unhandled	hall_stacey1992@finnsinte.se	Stacey	\N	20010613-5306	Hall	hall_stacey1992@finnsinte.se	2
83	Unhandled	barkerprescott8785@finnsinte.se	Prescott	\N	20040612-0193	Barker	barkerprescott8785@finnsinte.se	2
84	Unhandled	ajoyce4726@finnsinte.se	Aurora	\N	20010514-2843	Joyce	ajoyce4726@finnsinte.se	2
85	Unhandled	hardineugenia1189@finnsinte.se	Eugenia	\N	20020712-4283	Hardin	hardineugenia1189@finnsinte.se	2
86	Unhandled	stout_chandler@finnsinte.se	Chandler	\N	20060314-1151	Stout	stout_chandler@finnsinte.se	2
87	Unhandled	h-imelda@finnsinte.se	Imelda	\N	20000812-7515	Hutchinson	h-imelda@finnsinte.se	2
88	Unhandled	s_hendrix@finnsinte.se	Scott	\N	20050511-3717	Hendrix	s_hendrix@finnsinte.se	2
89	Unhandled	gcairo8535@finnsinte.se	Cairo	\N	20070913-4461	Garner	gcairo8535@finnsinte.se	2
90	Unhandled	m.little@finnsinte.se	Meghan	\N	20030517-4367	Little	m.little@finnsinte.se	2
91	Unhandled	cummings-galvin440@finnsinte.se	Galvin	\N	20030613-1885	Cummings	cummings-galvin440@finnsinte.se	2
92	Unhandled	stafford_conan8208@finnsinte.se	Conan	\N	20060718-6899	Stafford	stafford_conan8208@finnsinte.se	2
93	Unhandled	kerreric@finnsinte.se	Eric	\N	20040812-5036	Kerr	kerreric@finnsinte.se	2
94	Unhandled	galloway_michael9458@finnsinte.se	Michael	\N	20040812-5781	Galloway	galloway_michael9458@finnsinte.se	2
95	Unhandled	i-grimes8764@finnsinte.se	Ignatius	\N	20020712-5722	Grimes	i-grimes8764@finnsinte.se	2
96	Unhandled	rhodes-allen@finnsinte.se	Allen	\N	20000313-6856	Rhodes	rhodes-allen@finnsinte.se	2
97	Unhandled	w_burris8847@finnsinte.se	Wilma	\N	20040412-1112	Burris	w_burris8847@finnsinte.se	2
98	Unhandled	damian-singleton1001@finnsinte.se	Damian	\N	20060716-8836	Singleton	damian-singleton1001@finnsinte.se	2
99	Unhandled	bond.aurelia7199@finnsinte.se	Aurelia	\N	20070313-7417	Bond	bond.aurelia7199@finnsinte.se	2
100	Unhandled	lynn.emery9158@finnsinte.se	Emery	\N	20000712-7696	Lynn	lynn.emery9158@finnsinte.se	2
101	Unhandled	p-cote8901@finnsinte.se	Portia	\N	20030814-9843	Cote	p-cote8901@finnsinte.se	2
102	Unhandled	orson_acevedo3440@finnsinte.se	Orson	\N	20040212-9461	Acevedo	orson_acevedo3440@finnsinte.se	2
103	Unhandled	best-zia@finnsinte.se	Zia	\N	20090311-5262	Best	best-zia@finnsinte.se	2
104	Unhandled	p.wylie6607@finnsinte.se	Wylie	\N	20010816-8355	Petersen	p.wylie6607@finnsinte.se	2
105	Unhandled	n-barrett@finnsinte.se	Barrett	\N	20030618-2877	Nunez	n-barrett@finnsinte.se	2
106	Unhandled	d-schmidt@finnsinte.se	Dorothy	\N	20050118-9195	Schmidt	d-schmidt@finnsinte.se	2
107	Unhandled	arden.love6246@finnsinte.se	Arden	\N	20050311-3772	Love	arden.love6246@finnsinte.se	2
108	Unhandled	howell-samantha@finnsinte.se	Samantha	\N	20000915-3776	Howell	howell-samantha@finnsinte.se	2
109	Unhandled	rose.inga@finnsinte.se	Inga	\N	20050417-4218	Rose	rose.inga@finnsinte.se	2
110	Unhandled	d_octavia3269@finnsinte.se	Octavia	\N	20020911-8722	Dickson	d_octavia3269@finnsinte.se	2
111	Unhandled	tillman.ignatius@finnsinte.se	Ignatius	\N	20030715-4342	Tillman	tillman.ignatius@finnsinte.se	2
112	Unhandled	barron_kristen@finnsinte.se	Kristen	\N	20090614-1644	Barron	barron_kristen@finnsinte.se	2
113	Unhandled	c.rosario@finnsinte.se	Clarke	\N	20060415-2181	Rosario	c.rosario@finnsinte.se	2
114	Unhandled	joliefulton8265@finnsinte.se	Jolie	\N	20010211-1067	Fulton	joliefulton8265@finnsinte.se	2
115	Unhandled	fry.akeem3210@finnsinte.se	Akeem	\N	20020918-3484	Fry	fry.akeem3210@finnsinte.se	2
116	Unhandled	g_ingram@finnsinte.se	George	\N	20000713-2326	Ingram	g_ingram@finnsinte.se	2
117	Unhandled	l.justin3097@finnsinte.se	Justin	\N	20000413-6179	Lott	l.justin3097@finnsinte.se	2
118	Unhandled	c.joshua6956@finnsinte.se	Joshua	\N	20010114-5829	Cochran	c.joshua6956@finnsinte.se	2
119	Unhandled	g_dominic@finnsinte.se	Dominic	\N	20050613-3021	Gomez	g_dominic@finnsinte.se	2
120	Unhandled	mcpherson.jena@finnsinte.se	Jena	\N	20010217-1740	Mcpherson	mcpherson.jena@finnsinte.se	2
121	Unhandled	may-carlos3434@finnsinte.se	Carlos	\N	20000618-6052	May	may-carlos3434@finnsinte.se	2
122	Unhandled	duffyadria@finnsinte.se	Adria	\N	20080612-1112	Duffy	duffyadria@finnsinte.se	2
123	Unhandled	b_brenda8229@finnsinte.se	Brenda	\N	20040817-0766	Bridges	b_brenda8229@finnsinte.se	2
124	Unhandled	n-barnes@finnsinte.se	Nissim	\N	20040816-0539	Barnes	n-barnes@finnsinte.se	2
125	Unhandled	d_conway@finnsinte.se	Dexter	\N	20020814-7881	Conway	d_conway@finnsinte.se	2
126	Unhandled	t-sargent@finnsinte.se	Trevor	\N	20000712-1410	Sargent	t-sargent@finnsinte.se	2
127	Unhandled	crane_kylan@finnsinte.se	Kylan	\N	20020716-1276	Crane	crane_kylan@finnsinte.se	2
128	Unhandled	a_graham@finnsinte.se	Alvin	\N	20050714-8552	Graham	a_graham@finnsinte.se	2
129	Unhandled	s-lynn@finnsinte.se	Shelby	\N	20050519-3482	Lynn	s-lynn@finnsinte.se	2
130	Unhandled	robertsrussell@finnsinte.se	Russell	\N	20050112-6847	Roberts	robertsrussell@finnsinte.se	2
131	Unhandled	i_morris8645@finnsinte.se	Iola	\N	20070218-6736	Morris	i_morris8645@finnsinte.se	2
132	Unhandled	cooke.isaiah3537@finnsinte.se	Isaiah	\N	20070112-3227	Cooke	cooke.isaiah3537@finnsinte.se	2
133	Unhandled	stacy.hammond9898@finnsinte.se	Stacy	\N	20070417-3206	Hammond	stacy.hammond9898@finnsinte.se	2
134	Unhandled	ktrujillo3280@finnsinte.se	Kirestin	\N	20060719-6214	Trujillo	ktrujillo3280@finnsinte.se	2
135	Unhandled	tate.macdonald@finnsinte.se	Tate	\N	20000411-5845	Macdonald	tate.macdonald@finnsinte.se	2
136	Unhandled	l_pittman@finnsinte.se	Lucas	\N	20040412-1849	Pittman	l_pittman@finnsinte.se	2
137	Unhandled	norman-cody8727@finnsinte.se	Cody	\N	20000219-3848	Norman	norman-cody8727@finnsinte.se	2
138	Unhandled	perez-akeem@finnsinte.se	Akeem	\N	20040712-8365	Perez	perez-akeem@finnsinte.se	2
139	Unhandled	h.valentine@finnsinte.se	Valentine	\N	20080518-6379	Hines	h.valentine@finnsinte.se	2
140	Unhandled	znoel@finnsinte.se	Zorita	\N	20080217-4547	Noel	znoel@finnsinte.se	2
141	Unhandled	a-ellison@finnsinte.se	Alea	\N	20010915-2294	Ellison	a-ellison@finnsinte.se	2
142	Unhandled	morganpace8898@finnsinte.se	Morgan	\N	20010217-6784	Pace	morganpace8898@finnsinte.se	2
143	Unhandled	b_walsh@finnsinte.se	Burke	\N	20040214-8281	Walsh	b_walsh@finnsinte.se	2
144	Unhandled	allen_larissa2410@finnsinte.se	Larissa	\N	20080615-7636	Allen	allen_larissa2410@finnsinte.se	2
145	Unhandled	cantuherman@finnsinte.se	Herman	\N	20080917-1103	Cantu	cantuherman@finnsinte.se	2
146	Unhandled	beaugardner@finnsinte.se	Beau	\N	20050816-4521	Gardner	beaugardner@finnsinte.se	2
147	Unhandled	collier-ira@finnsinte.se	Ira	\N	20010312-1431	Collier	collier-ira@finnsinte.se	2
148	Unhandled	amena-booth5205@finnsinte.se	Amena	\N	20080217-7844	Booth	amena-booth5205@finnsinte.se	2
149	Unhandled	d.forbes@finnsinte.se	Declan	\N	20020211-3576	Forbes	d.forbes@finnsinte.se	2
150	Unhandled	ward_vance1521@finnsinte.se	Vance	\N	20050311-3496	Ward	ward_vance1521@finnsinte.se	2
151	Unhandled	k.lloyd8417@finnsinte.se	Kerry	\N	20010615-4473	Lloyd	k.lloyd8417@finnsinte.se	2
152	Unhandled	f-harrell4659@finnsinte.se	Faith	\N	20010112-3111	Harrell	f-harrell4659@finnsinte.se	2
153	Unhandled	q_kessie4967@finnsinte.se	Kessie	\N	20060712-2216	Quinn	q_kessie4967@finnsinte.se	2
154	Unhandled	fkimberly@finnsinte.se	Kimberly	\N	20080216-5347	Fowler	fkimberly@finnsinte.se	2
155	Unhandled	shieldsmufutau3319@finnsinte.se	Mufutau	\N	20010312-6892	Shields	shieldsmufutau3319@finnsinte.se	2
156	Unhandled	rhonda.espinoza1643@finnsinte.se	Rhonda	\N	20070612-8890	Espinoza	rhonda.espinoza1643@finnsinte.se	2
157	Unhandled	maysriley8127@finnsinte.se	Riley	\N	20040612-5585	Mays	maysriley8127@finnsinte.se	2
158	Unhandled	finley-jack570@finnsinte.se	Jack	\N	20080219-1228	Finley	finley-jack570@finnsinte.se	2
159	Unhandled	p-morales@finnsinte.se	Penelope	\N	20020813-9274	Morales	p-morales@finnsinte.se	2
160	Unhandled	l-bowman5800@finnsinte.se	Laurel	\N	20040912-3021	Bowman	l-bowman5800@finnsinte.se	2
161	Unhandled	s_olsen@finnsinte.se	Shea	\N	20020518-1476	Olsen	s_olsen@finnsinte.se	2
162	Unhandled	s_joan3075@finnsinte.se	Joan	\N	20070918-1531	Serrano	s_joan3075@finnsinte.se	2
163	Unhandled	skyler-avery5089@finnsinte.se	Skyler	\N	20040815-9997	Avery	skyler-avery5089@finnsinte.se	2
164	Unhandled	a-daniels1532@finnsinte.se	Adam	\N	20020218-9842	Daniels	a-daniels1532@finnsinte.se	2
165	Unhandled	morin_elmo1872@finnsinte.se	Elmo	\N	20060617-4834	Morin	morin_elmo1872@finnsinte.se	2
166	Unhandled	chammett@finnsinte.se	Hammett	\N	20050319-9537	Cherry	chammett@finnsinte.se	2
167	Unhandled	hughes_zachery4705@finnsinte.se	Zachery	\N	20050612-8156	Hughes	hughes_zachery4705@finnsinte.se	2
168	Unhandled	benton-alden@finnsinte.se	Alden	\N	20070218-1629	Benton	benton-alden@finnsinte.se	2
169	Unhandled	k.ramos2801@finnsinte.se	Kathleen	\N	20020518-2796	Ramos	k.ramos2801@finnsinte.se	2
170	Unhandled	hornescott4074@finnsinte.se	Scott	\N	20040117-8415	Horne	hornescott4074@finnsinte.se	2
171	Unhandled	m-walton@finnsinte.se	Macey	\N	20040211-7764	Walton	m-walton@finnsinte.se	2
172	Unhandled	g-compton@finnsinte.se	Garrison	\N	20050813-1122	Compton	g-compton@finnsinte.se	2
173	Unhandled	t-mejia@finnsinte.se	TaShya	\N	20040416-5161	Mejia	t-mejia@finnsinte.se	2
174	Unhandled	ross-veronica6052@finnsinte.se	Veronica	\N	20040215-2792	Ross	ross-veronica6052@finnsinte.se	2
175	Unhandled	h.shad5320@finnsinte.se	Shad	\N	20040911-3573	Houston	h.shad5320@finnsinte.se	2
176	Unhandled	a_jones@finnsinte.se	Ashely	\N	20040918-4022	Jones	a_jones@finnsinte.se	2
177	Unhandled	v_wallace@finnsinte.se	Valentine	\N	20090615-2353	Wallace	v_wallace@finnsinte.se	2
178	Unhandled	a.hood@finnsinte.se	Andrew	\N	20050712-1655	Hood	a.hood@finnsinte.se	2
179	Unhandled	butler.jack@finnsinte.se	Jack	\N	20060615-3810	Butler	butler.jack@finnsinte.se	2
180	Unhandled	alangaines@finnsinte.se	Alan	\N	20040611-9648	Gaines	alangaines@finnsinte.se	2
181	Unhandled	p_lloyd@finnsinte.se	Phillip	\N	20050511-4672	Lloyd	p_lloyd@finnsinte.se	2
182	Unhandled	awinters9426@finnsinte.se	Adara	\N	20020217-4850	Winters	awinters9426@finnsinte.se	2
183	Unhandled	o-browning@finnsinte.se	Orli	\N	20020613-1799	Browning	o-browning@finnsinte.se	2
184	Unhandled	walkerbo9997@finnsinte.se	Bo	\N	20060513-7376	Walker	walkerbo9997@finnsinte.se	2
185	Unhandled	a.yang642@finnsinte.se	Alice	\N	20030414-4377	Yang	a.yang642@finnsinte.se	2
186	Unhandled	aretha-shepherd@finnsinte.se	Aretha	\N	20070213-2658	Shepherd	aretha-shepherd@finnsinte.se	2
187	Unhandled	griffin.young@finnsinte.se	Griffin	\N	20010818-2415	Young	griffin.young@finnsinte.se	2
188	Unhandled	lstokes@finnsinte.se	Lael	\N	20000215-1332	Stokes	lstokes@finnsinte.se	2
189	Unhandled	h.arnold@finnsinte.se	Hamilton	\N	20070514-7217	Arnold	h.arnold@finnsinte.se	2
190	Unhandled	m.nero1425@finnsinte.se	Nero	\N	20070317-5336	Mendez	m.nero1425@finnsinte.se	2
191	Unhandled	farley_malcolm@finnsinte.se	Malcolm	\N	20000417-9279	Farley	farley_malcolm@finnsinte.se	2
192	Unhandled	wardrogan@finnsinte.se	Rogan	\N	20020612-5433	Ward	wardrogan@finnsinte.se	2
193	Unhandled	vang_dylan9093@finnsinte.se	Dylan	\N	20080314-6784	Vang	vang_dylan9093@finnsinte.se	2
194	Unhandled	p_shannon7696@finnsinte.se	Shannon	\N	20010612-4574	Petty	p_shannon7696@finnsinte.se	2
195	Unhandled	m_meyers8561@finnsinte.se	Marvin	\N	20040711-7156	Meyers	m_meyers8561@finnsinte.se	2
196	Unhandled	banks_cedric@finnsinte.se	Cedric	\N	20090915-6771	Banks	banks_cedric@finnsinte.se	2
197	Unhandled	waltersezra@finnsinte.se	Ezra	\N	20030713-8237	Walters	waltersezra@finnsinte.se	2
198	Unhandled	l.gaines@finnsinte.se	Lana	\N	20010215-0234	Gaines	l.gaines@finnsinte.se	2
199	Unhandled	omar.pace@finnsinte.se	Omar	\N	20090515-1734	Pace	omar.pace@finnsinte.se	2
200	Unhandled	m_wall@finnsinte.se	Melvin	\N	20050718-5414	Wall	m_wall@finnsinte.se	2
201	Unhandled	kstein9577@finnsinte.se	Kylee	\N	20040312-3716	Stein	kstein9577@finnsinte.se	2
202	Unhandled	althea-mcbride2670@finnsinte.se	Althea	\N	20030816-1273	Mcbride	althea-mcbride2670@finnsinte.se	2
203	Unhandled	douglas_rose6312@finnsinte.se	Rose	\N	20040915-8475	Douglas	douglas_rose6312@finnsinte.se	2
204	Unhandled	meadows-graiden4198@finnsinte.se	Graiden	\N	20080615-0253	Meadows	meadows-graiden4198@finnsinte.se	2
205	Unhandled	bradford.abraham@finnsinte.se	Abraham	\N	20030715-4251	Bradford	bradford.abraham@finnsinte.se	2
206	Unhandled	okaren@finnsinte.se	Karen	\N	20050519-2536	Ortiz	okaren@finnsinte.se	2
207	Unhandled	kirk_honorato3815@finnsinte.se	Honorato	\N	20010316-3878	Kirk	kirk_honorato3815@finnsinte.se	2
208	Unhandled	baldwin_fitzgerald@finnsinte.se	Fitzgerald	\N	20010818-3789	Baldwin	baldwin_fitzgerald@finnsinte.se	2
209	Unhandled	h_meadows1507@finnsinte.se	Hilda	\N	20090312-1888	Meadows	h_meadows1507@finnsinte.se	2
210	Unhandled	hedyrich@finnsinte.se	Hedy	\N	20080413-9202	Rich	hedyrich@finnsinte.se	2
211	Unhandled	monroe.ivy@finnsinte.se	Ivy	\N	20010814-5400	Monroe	monroe.ivy@finnsinte.se	2
212	Unhandled	elmo-perry4535@finnsinte.se	Elmo	\N	20060312-7444	Perry	elmo-perry4535@finnsinte.se	2
213	Unhandled	r-trevino@finnsinte.se	Rana	\N	20020517-1231	Trevino	r-trevino@finnsinte.se	2
214	Unhandled	ehorn7017@finnsinte.se	Eve	\N	20080412-1518	Horn	ehorn7017@finnsinte.se	2
215	Unhandled	handrews@finnsinte.se	Hedley	\N	20070712-1185	Andrews	handrews@finnsinte.se	2
216	Unhandled	k.thomas8888@finnsinte.se	Katelyn	\N	20080315-5833	Thomas	k.thomas8888@finnsinte.se	2
217	Unhandled	samsonle@finnsinte.se	Samson	\N	20070912-7056	Le	samsonle@finnsinte.se	2
218	Unhandled	orla-noble@finnsinte.se	Orla	\N	20080218-1338	Noble	orla-noble@finnsinte.se	2
219	Unhandled	lyons_wynne8715@finnsinte.se	Wynne	\N	20010916-3255	Lyons	lyons_wynne8715@finnsinte.se	2
220	Unhandled	f.adams2853@finnsinte.se	Farrah	\N	20050712-5831	Adams	f.adams2853@finnsinte.se	2
221	Unhandled	neal-alika@finnsinte.se	Alika	\N	20070815-5619	Neal	neal-alika@finnsinte.se	2
222	Unhandled	patricksmith@finnsinte.se	Patrick	\N	20050212-9609	Smith	patricksmith@finnsinte.se	2
223	Unhandled	morin-helen@finnsinte.se	Helen	\N	20030711-5853	Morin	morin-helen@finnsinte.se	2
224	Unhandled	kgonzalez2376@finnsinte.se	Kristen	\N	20080816-8717	Gonzalez	kgonzalez2376@finnsinte.se	2
225	Unhandled	tanner-huff5604@finnsinte.se	Tanner	\N	20030418-5439	Huff	tanner-huff5604@finnsinte.se	2
226	Unhandled	nixon_hanae@finnsinte.se	Hanae	\N	20010814-3706	Nixon	nixon_hanae@finnsinte.se	2
227	Unhandled	phillips.hyacinth@finnsinte.se	Hyacinth	\N	20000816-8451	Phillips	phillips.hyacinth@finnsinte.se	2
228	Unhandled	s.gabriel298@finnsinte.se	Gabriel	\N	20080716-4435	Savage	s.gabriel298@finnsinte.se	2
229	Unhandled	lewis.constance@finnsinte.se	Constance	\N	20090311-4728	Lewis	lewis.constance@finnsinte.se	2
230	Unhandled	zephania_palmer3160@finnsinte.se	Zephania	\N	20060818-0581	Palmer	zephania_palmer3160@finnsinte.se	2
231	Unhandled	buckminster.lewis@finnsinte.se	Buckminster	\N	20010718-6865	Lewis	buckminster.lewis@finnsinte.se	2
232	Unhandled	j_buckner@finnsinte.se	Jolie	\N	20080613-5666	Buckner	j_buckner@finnsinte.se	2
233	Unhandled	dgoff9968@finnsinte.se	Dean	\N	20080814-6604	Goff	dgoff9968@finnsinte.se	2
234	Unhandled	c.richmond3853@finnsinte.se	Chancellor	\N	20050613-2278	Richmond	c.richmond3853@finnsinte.se	2
235	Unhandled	burksbrenden@finnsinte.se	Brenden	\N	20090417-8880	Burks	burksbrenden@finnsinte.se	2
236	Unhandled	a-frederick74@finnsinte.se	Azalia	\N	20050215-9186	Frederick	a-frederick74@finnsinte.se	2
237	Unhandled	m.seth@finnsinte.se	Seth	\N	20000818-7174	Mccall	m.seth@finnsinte.se	2
238	Unhandled	g-hoffman491@finnsinte.se	Griffin	\N	20020216-7550	Hoffman	g-hoffman491@finnsinte.se	2
239	Unhandled	d.lamb2907@finnsinte.se	Dawn	\N	20060815-7973	Lamb	d.lamb2907@finnsinte.se	2
240	Unhandled	maxinelarson@finnsinte.se	Maxine	\N	20040619-7787	Larson	maxinelarson@finnsinte.se	2
241	Unhandled	keith_geraldine8217@finnsinte.se	Geraldine	\N	20010418-8302	Keith	keith_geraldine8217@finnsinte.se	2
242	Unhandled	willis-heather1186@finnsinte.se	Heather	\N	20030419-4150	Willis	willis-heather1186@finnsinte.se	2
243	Unhandled	ford.lavinia@finnsinte.se	Lavinia	\N	20040518-7595	Ford	ford.lavinia@finnsinte.se	2
244	Unhandled	a-doris@finnsinte.se	Doris	\N	20060512-4265	Ayala	a-doris@finnsinte.se	2
245	Unhandled	jmcdonald3245@finnsinte.se	Jolie	\N	20060216-7812	Mcdonald	jmcdonald3245@finnsinte.se	2
246	Unhandled	constance_perez@finnsinte.se	Constance	\N	20050311-6756	Perez	constance_perez@finnsinte.se	2
247	Unhandled	ablair@finnsinte.se	Ashely	\N	20080415-8452	Blair	ablair@finnsinte.se	2
248	Unhandled	gregory_deleon4253@finnsinte.se	Gregory	\N	20020811-1054	Deleon	gregory_deleon4253@finnsinte.se	2
249	Unhandled	spencer-libby@finnsinte.se	Libby	\N	20080512-2842	Spencer	spencer-libby@finnsinte.se	2
250	Unhandled	velasquez.martha@finnsinte.se	Martha	\N	20000218-9575	Velasquez	velasquez.martha@finnsinte.se	2
251	Unhandled	zimmerman_maggie@finnsinte.se	Maggie	\N	20060214-4225	Zimmerman	zimmerman_maggie@finnsinte.se	2
252	Unhandled	f-davis9917@finnsinte.se	Fritz	\N	20080817-6122	Davis	f-davis9917@finnsinte.se	2
253	Unhandled	barlow_allen4218@finnsinte.se	Allen	\N	20020713-1531	Barlow	barlow_allen4218@finnsinte.se	2
254	Unhandled	rivascynthia@finnsinte.se	Cynthia	\N	20050514-6172	Rivas	rivascynthia@finnsinte.se	2
255	Unhandled	brush5501@finnsinte.se	Barbara	\N	20070118-8156	Rush	brush5501@finnsinte.se	2
256	Unhandled	i_davenport@finnsinte.se	Ishmael	\N	20030413-8386	Davenport	i_davenport@finnsinte.se	2
257	Unhandled	branchchaim7137@finnsinte.se	Chaim	\N	20070314-8028	Branch	branchchaim7137@finnsinte.se	2
258	Unhandled	h_carroll3051@finnsinte.se	Hollee	\N	20030616-4664	Carroll	h_carroll3051@finnsinte.se	2
259	Unhandled	tian@finnsinte.se	Ian	\N	20050111-5252	Taylor	tian@finnsinte.se	2
260	Unhandled	c.driscoll@finnsinte.se	Driscoll	\N	20070612-9419	Cooke	c.driscoll@finnsinte.se	2
261	Unhandled	baxter.fiona@finnsinte.se	Fiona	\N	20030411-7216	Baxter	baxter.fiona@finnsinte.se	2
262	Unhandled	b.curran@finnsinte.se	Curran	\N	20060317-5908	Barr	b.curran@finnsinte.se	2
263	Unhandled	gardnerbrenden2194@finnsinte.se	Brenden	\N	20000514-6155	Gardner	gardnerbrenden2194@finnsinte.se	2
264	Unhandled	battle.mariko3683@finnsinte.se	Mariko	\N	20010812-6566	Battle	battle.mariko3683@finnsinte.se	2
265	Unhandled	q-carney@finnsinte.se	Quamar	\N	20080314-3444	Carney	q-carney@finnsinte.se	2
266	Unhandled	m_long4657@finnsinte.se	Mannix	\N	20080712-3512	Long	m_long4657@finnsinte.se	2
267	Unhandled	kasper_noble1854@finnsinte.se	Kasper	\N	20060716-5446	Noble	kasper_noble1854@finnsinte.se	2
268	Unhandled	callahangraiden@finnsinte.se	Graiden	\N	20080114-2240	Callahan	callahangraiden@finnsinte.se	2
269	Unhandled	basilhuffman@finnsinte.se	Basil	\N	20050318-6774	Huffman	basilhuffman@finnsinte.se	2
270	Unhandled	dickson_brennan@finnsinte.se	Brennan	\N	20030918-7195	Dickson	dickson_brennan@finnsinte.se	2
271	Unhandled	lstacy7905@finnsinte.se	Stacy	\N	20020211-7181	Logan	lstacy7905@finnsinte.se	2
272	Unhandled	mueller-isabelle6976@finnsinte.se	Isabelle	\N	20060414-9735	Mueller	mueller-isabelle6976@finnsinte.se	2
273	Unhandled	z_gage1698@finnsinte.se	Gage	\N	20010915-7241	Zamora	z_gage1698@finnsinte.se	2
274	Unhandled	hoffman.berk4756@finnsinte.se	Berk	\N	20070211-2642	Hoffman	hoffman.berk4756@finnsinte.se	2
275	Unhandled	upton_horton6911@finnsinte.se	Upton	\N	20050313-8634	Horton	upton_horton6911@finnsinte.se	2
276	Unhandled	ramos.silas187@finnsinte.se	Silas	\N	20020417-3513	Ramos	ramos.silas187@finnsinte.se	2
277	Unhandled	suki_farmer@finnsinte.se	Suki	\N	20070618-8214	Farmer	suki_farmer@finnsinte.se	2
278	Unhandled	richards_halee393@finnsinte.se	Halee	\N	20030513-8717	Richards	richards_halee393@finnsinte.se	2
279	Unhandled	g.mayer@finnsinte.se	Geraldine	\N	20060518-3465	Mayer	g.mayer@finnsinte.se	2
280	Unhandled	s.gilbert@finnsinte.se	Shelby	\N	20080818-5426	Gilbert	s.gilbert@finnsinte.se	2
281	Unhandled	kirby-debra6561@finnsinte.se	Debra	\N	20010414-2613	Kirby	kirby-debra6561@finnsinte.se	2
282	Unhandled	l.neal@finnsinte.se	Lisandra	\N	20070415-1311	Neal	l.neal@finnsinte.se	2
283	Unhandled	j_snider@finnsinte.se	Jenette	\N	20080818-3277	Snider	j_snider@finnsinte.se	2
284	Unhandled	ethan.saunders2605@finnsinte.se	Ethan	\N	20020313-8025	Saunders	ethan.saunders2605@finnsinte.se	2
285	Unhandled	rallen@finnsinte.se	Renee	\N	20090518-2691	Allen	rallen@finnsinte.se	2
286	Unhandled	dmarks1873@finnsinte.se	Darryl	\N	20030216-5717	Marks	dmarks1873@finnsinte.se	2
287	Unhandled	salas.malcolm4427@finnsinte.se	Malcolm	\N	20060318-0594	Salas	salas.malcolm4427@finnsinte.se	2
288	Unhandled	bskyler@finnsinte.se	Skyler	\N	20070416-4495	Bowers	bskyler@finnsinte.se	2
289	Unhandled	r_phillips6404@finnsinte.se	Rhona	\N	20040515-2635	Phillips	r_phillips6404@finnsinte.se	2
290	Unhandled	a_grant5081@finnsinte.se	Althea	\N	20020716-6513	Grant	a_grant5081@finnsinte.se	2
291	Unhandled	c-aaron@finnsinte.se	Aaron	\N	20070215-1989	Copeland	c-aaron@finnsinte.se	2
292	Unhandled	w_ariana3169@finnsinte.se	Ariana	\N	20050618-2724	Wilson	w_ariana3169@finnsinte.se	2
293	Unhandled	allen.zeph5574@finnsinte.se	Zeph	\N	20040613-5563	Allen	allen.zeph5574@finnsinte.se	2
294	Unhandled	gignacia@finnsinte.se	Ignacia	\N	20070519-8617	Gonzalez	gignacia@finnsinte.se	2
295	Unhandled	osborne_kim@finnsinte.se	Kim	\N	20020912-3403	Osborne	osborne_kim@finnsinte.se	2
296	Unhandled	shawnaomi@finnsinte.se	Naomi	\N	20020717-5724	Shaw	shawnaomi@finnsinte.se	2
297	Unhandled	i_justice6821@finnsinte.se	Igor	\N	20030716-6243	Justice	i_justice6821@finnsinte.se	2
298	Unhandled	fcarrillo@finnsinte.se	Felix	\N	20020714-6289	Carrillo	fcarrillo@finnsinte.se	2
299	Unhandled	c_hillary4948@finnsinte.se	Hillary	\N	20000519-9588	Caldwell	c_hillary4948@finnsinte.se	2
300	Unhandled	aimee.hendrix@finnsinte.se	Aimee	\N	20070315-7687	Hendrix	aimee.hendrix@finnsinte.se	2
301	Unhandled	a_everett@finnsinte.se	Alfreda	\N	20080419-6871	Everett	a_everett@finnsinte.se	2
302	Unhandled	finch.rebekah@finnsinte.se	Rebekah	\N	20060514-0388	Finch	finch.rebekah@finnsinte.se	2
303	Unhandled	nolancody5051@finnsinte.se	Cody	\N	20080417-4318	Nolan	nolancody5051@finnsinte.se	2
304	Unhandled	hale_raphael2210@finnsinte.se	Raphael	\N	20090914-5480	Hale	hale_raphael2210@finnsinte.se	2
305	Unhandled	reed-bo7421@finnsinte.se	Bo	\N	20070512-7544	Reed	reed-bo7421@finnsinte.se	2
306	Unhandled	maciasivor@finnsinte.se	Ivor	\N	20040411-9687	Macias	maciasivor@finnsinte.se	2
307	Unhandled	buchanan_joan@finnsinte.se	Joan	\N	20090316-7402	Buchanan	buchanan_joan@finnsinte.se	2
308	Unhandled	holt.oren@finnsinte.se	Oren	\N	20080619-2217	Holt	holt.oren@finnsinte.se	2
309	Unhandled	gabriel.gomez607@finnsinte.se	Gabriel	\N	20060912-0406	Gomez	gabriel.gomez607@finnsinte.se	2
310	Unhandled	quinn-ira@finnsinte.se	Ira	\N	20010215-7144	Quinn	quinn-ira@finnsinte.se	2
311	Unhandled	s-fulton4350@finnsinte.se	Sara	\N	20060711-7330	Fulton	s-fulton4350@finnsinte.se	2
312	Unhandled	o-robles@finnsinte.se	Oprah	\N	20020314-3857	Robles	o-robles@finnsinte.se	2
313	Unhandled	c_newton4372@finnsinte.se	Chantale	\N	20060118-6173	Newton	c_newton4372@finnsinte.se	2
314	Unhandled	p-salinas@finnsinte.se	Phelan	\N	20050516-3686	Salinas	p-salinas@finnsinte.se	2
315	Unhandled	sandoval-raphael2096@finnsinte.se	Raphael	\N	20040313-7991	Sandoval	sandoval-raphael2096@finnsinte.se	2
316	Unhandled	donnaporter3031@finnsinte.se	Donna	\N	20050214-1980	Porter	donnaporter3031@finnsinte.se	2
317	Unhandled	m-steel6345@finnsinte.se	Steel	\N	20030617-6766	Mack	m-steel6345@finnsinte.se	2
318	Unhandled	f-chandler1924@finnsinte.se	Francesca	\N	20040815-3303	Chandler	f-chandler1924@finnsinte.se	2
319	Unhandled	f.noble@finnsinte.se	Fleur	\N	20050717-4348	Noble	f.noble@finnsinte.se	2
320	Unhandled	m_mcleod@finnsinte.se	Maryam	\N	20010915-5656	Mcleod	m_mcleod@finnsinte.se	2
321	Unhandled	stevensblaze3092@finnsinte.se	Blaze	\N	20060618-9233	Stevens	stevensblaze3092@finnsinte.se	2
322	Unhandled	f.walton@finnsinte.se	Freya	\N	20050317-5217	Walton	f.walton@finnsinte.se	2
323	Unhandled	tucker.tatum5927@finnsinte.se	Tatum	\N	20060317-0973	Tucker	tucker.tatum5927@finnsinte.se	2
324	Unhandled	stewartdenton@finnsinte.se	Denton	\N	20010813-4350	Stewart	stewartdenton@finnsinte.se	2
325	Unhandled	serrano.ashton2363@finnsinte.se	Ashton	\N	20060414-6744	Serrano	serrano.ashton2363@finnsinte.se	2
326	Unhandled	m_gordon1095@finnsinte.se	Mariam	\N	20050418-9223	Gordon	m_gordon1095@finnsinte.se	2
327	Unhandled	perry-rice@finnsinte.se	Perry	\N	20070312-5646	Rice	perry-rice@finnsinte.se	2
328	Unhandled	b-hammond7270@finnsinte.se	Benjamin	\N	20050313-6531	Hammond	b-hammond7270@finnsinte.se	2
329	Unhandled	wilson-september1071@finnsinte.se	September	\N	20070515-6967	Wilson	wilson-september1071@finnsinte.se	2
330	Unhandled	oalford@finnsinte.se	Odysseus	\N	20020314-5287	Alford	oalford@finnsinte.se	2
331	Unhandled	astramoon@finnsinte.se	Astra	\N	20050416-3827	Moon	astramoon@finnsinte.se	2
332	Unhandled	woodward_nerea@finnsinte.se	Nerea	\N	20040618-1200	Woodward	woodward_nerea@finnsinte.se	2
333	Unhandled	richards-arthur@finnsinte.se	Arthur	\N	20070412-7803	Richards	richards-arthur@finnsinte.se	2
334	Unhandled	houston.leigh9073@finnsinte.se	Leigh	\N	20050216-4849	Houston	houston.leigh9073@finnsinte.se	2
335	Unhandled	riggs_cruz5779@finnsinte.se	Cruz	\N	20090216-6844	Riggs	riggs_cruz5779@finnsinte.se	2
336	Unhandled	watkins.katelyn5895@finnsinte.se	Katelyn	\N	20080217-3024	Watkins	watkins.katelyn5895@finnsinte.se	2
337	Unhandled	f-yuli@finnsinte.se	Yuli	\N	20040217-1797	Farley	f-yuli@finnsinte.se	2
338	Unhandled	rinah.gilbert5677@finnsinte.se	Rinah	\N	20070712-8588	Gilbert	rinah.gilbert5677@finnsinte.se	2
339	Unhandled	p_mccray5693@finnsinte.se	Philip	\N	20010717-7231	Mccray	p_mccray5693@finnsinte.se	2
340	Unhandled	odysseus-preston@finnsinte.se	Odysseus	\N	20080815-3874	Preston	odysseus-preston@finnsinte.se	2
341	Unhandled	f_larissa@finnsinte.se	Larissa	\N	20060712-1947	Faulkner	f_larissa@finnsinte.se	2
342	Unhandled	roth-yvette@finnsinte.se	Yvette	\N	20010411-3173	Roth	roth-yvette@finnsinte.se	2
343	Unhandled	k_horton@finnsinte.se	Keith	\N	20030214-8585	Horton	k_horton@finnsinte.se	2
344	Unhandled	j-parsons3650@finnsinte.se	Justine	\N	20030314-5331	Parsons	j-parsons3650@finnsinte.se	2
345	Unhandled	battle-trevor7553@finnsinte.se	Trevor	\N	20010417-7172	Battle	battle-trevor7553@finnsinte.se	2
346	Unhandled	karina_melton@finnsinte.se	Karina	\N	20040213-8337	Melton	karina_melton@finnsinte.se	2
347	Unhandled	craighendricks9891@finnsinte.se	Craig	\N	20040517-7610	Hendricks	craighendricks9891@finnsinte.se	2
348	Unhandled	w.shelby4041@finnsinte.se	Shelby	\N	20010116-6673	Weeks	w.shelby4041@finnsinte.se	2
349	Unhandled	v-charity7473@finnsinte.se	Charity	\N	20060817-4586	Vincent	v-charity7473@finnsinte.se	2
350	Unhandled	p_dominic6543@finnsinte.se	Dominic	\N	20050213-2237	Pugh	p_dominic6543@finnsinte.se	2
351	Unhandled	camdenjenkins2315@finnsinte.se	Camden	\N	20050511-6613	Jenkins	camdenjenkins2315@finnsinte.se	2
352	Unhandled	hawkins.stella5697@finnsinte.se	Stella	\N	20040716-6217	Hawkins	hawkins.stella5697@finnsinte.se	2
353	Unhandled	k-oneil5599@finnsinte.se	Kyle	\N	20030512-4152	Oneil	k-oneil5599@finnsinte.se	2
354	Unhandled	wyattdavis9701@finnsinte.se	Wyatt	\N	20080317-7570	Davis	wyattdavis9701@finnsinte.se	2
355	Unhandled	svance4322@finnsinte.se	Vance	\N	20010212-1460	Sparks	svance4322@finnsinte.se	2
356	Unhandled	potts-nichole7568@finnsinte.se	Nichole	\N	20020516-1582	Potts	potts-nichole7568@finnsinte.se	2
357	Unhandled	howardmerrill6223@finnsinte.se	Merrill	\N	20080216-1063	Howard	howardmerrill6223@finnsinte.se	2
358	Unhandled	m-browning6431@finnsinte.se	Maite	\N	20020112-2254	Browning	m-browning6431@finnsinte.se	2
359	Unhandled	v.carson@finnsinte.se	Vaughan	\N	20040413-6289	Carson	v.carson@finnsinte.se	2
360	Unhandled	floydurielle@finnsinte.se	Urielle	\N	20020914-2333	Floyd	floydurielle@finnsinte.se	2
361	Unhandled	k.byron@finnsinte.se	Byron	\N	20030814-4972	Kelly	k.byron@finnsinte.se	2
362	Unhandled	florence_beasley@finnsinte.se	Florence	\N	20010118-7482	Beasley	florence_beasley@finnsinte.se	2
363	Unhandled	shannon.phillip7139@finnsinte.se	Phillip	\N	20090117-3488	Shannon	shannon.phillip7139@finnsinte.se	2
364	Unhandled	hjennifer@finnsinte.se	Jennifer	\N	20040311-9278	Henson	hjennifer@finnsinte.se	2
365	Unhandled	harrell.colette@finnsinte.se	Colette	\N	20020315-5788	Harrell	harrell.colette@finnsinte.se	2
366	Unhandled	english-graiden@finnsinte.se	Graiden	\N	20090717-7832	English	english-graiden@finnsinte.se	2
367	Unhandled	v-dunlap3408@finnsinte.se	Vaughan	\N	20020818-4452	Dunlap	v-dunlap3408@finnsinte.se	2
368	Unhandled	jaymemorin6244@finnsinte.se	Jayme	\N	20090915-7409	Morin	jaymemorin6244@finnsinte.se	2
369	Unhandled	sextonoctavius9044@finnsinte.se	Octavius	\N	20030318-7806	Sexton	sextonoctavius9044@finnsinte.se	2
370	Unhandled	lydiamckenzie@finnsinte.se	Lydia	\N	20060311-2987	Mckenzie	lydiamckenzie@finnsinte.se	2
371	Unhandled	q.merritt@finnsinte.se	Quamar	\N	20040713-4800	Merritt	q.merritt@finnsinte.se	2
372	Unhandled	f.vera@finnsinte.se	Vera	\N	20040912-3835	Franks	f.vera@finnsinte.se	2
373	Unhandled	burt_genevieve7397@finnsinte.se	Genevieve	\N	20010215-2128	Burt	burt_genevieve7397@finnsinte.se	2
374	Unhandled	cfrench2561@finnsinte.se	Colt	\N	20030313-8425	French	cfrench2561@finnsinte.se	2
375	Unhandled	cholloway@finnsinte.se	Cairo	\N	20020811-3674	Holloway	cholloway@finnsinte.se	2
376	Unhandled	fischer.lionel3504@finnsinte.se	Lionel	\N	20070215-0669	Fischer	fischer.lionel3504@finnsinte.se	2
377	Unhandled	c_riddle2841@finnsinte.se	Cade	\N	20070117-5140	Riddle	c_riddle2841@finnsinte.se	2
378	Unhandled	rowan_larsen@finnsinte.se	Rowan	\N	20070514-3464	Larsen	rowan_larsen@finnsinte.se	2
379	Unhandled	hines_jonas@finnsinte.se	Jonas	\N	20040219-5479	Hines	hines_jonas@finnsinte.se	2
380	Unhandled	berk_hensley6922@finnsinte.se	Berk	\N	20090217-3515	Hensley	berk_hensley6922@finnsinte.se	2
381	Unhandled	oprah.vang41@finnsinte.se	Oprah	\N	20070314-2557	Vang	oprah.vang41@finnsinte.se	2
382	Unhandled	m-ayanna@finnsinte.se	Ayanna	\N	20060315-4720	Massey	m-ayanna@finnsinte.se	2
383	Unhandled	kane-ellis@finnsinte.se	Kane	\N	20040312-3424	Ellis	kane-ellis@finnsinte.se	2
384	Unhandled	duran-xantha@finnsinte.se	Xantha	\N	20000517-5898	Duran	duran-xantha@finnsinte.se	2
385	Unhandled	w.jared8803@finnsinte.se	Jared	\N	20030212-1615	Witt	w.jared8803@finnsinte.se	2
386	Unhandled	french_nicole@finnsinte.se	Nicole	\N	20060513-5479	French	french_nicole@finnsinte.se	2
387	Unhandled	r.collier@finnsinte.se	Riley	\N	20000219-1781	Collier	r.collier@finnsinte.se	2
388	Unhandled	woodsjolene5279@finnsinte.se	Jolene	\N	20000713-8182	Woods	woodsjolene5279@finnsinte.se	2
389	Unhandled	b_sandoval@finnsinte.se	Bethany	\N	20070311-0238	Sandoval	b_sandoval@finnsinte.se	2
390	Unhandled	r-beck8643@finnsinte.se	Rama	\N	20030514-5186	Beck	r-beck8643@finnsinte.se	2
391	Unhandled	robinson-seth8478@finnsinte.se	Seth	\N	20060216-2472	Robinson	robinson-seth8478@finnsinte.se	2
392	Unhandled	patton-reagan@finnsinte.se	Reagan	\N	20040317-7466	Patton	patton-reagan@finnsinte.se	2
393	Unhandled	h.oren6223@finnsinte.se	Oren	\N	20080518-6854	Huff	h.oren6223@finnsinte.se	2
394	Unhandled	avila.eric489@finnsinte.se	Eric	\N	20020818-2666	Avila	avila.eric489@finnsinte.se	2
395	Unhandled	murphy-mcfadden2924@finnsinte.se	Murphy	\N	20080619-3653	Mcfadden	murphy-mcfadden2924@finnsinte.se	2
396	Unhandled	b-moody3524@finnsinte.se	Beatrice	\N	20060213-5038	Moody	b-moody3524@finnsinte.se	2
397	Unhandled	l_jamalia3860@finnsinte.se	Jamalia	\N	20010414-3250	Logan	l_jamalia3860@finnsinte.se	2
398	Unhandled	d-slater3149@finnsinte.se	Dorothy	\N	20070213-1397	Slater	d-slater3149@finnsinte.se	2
399	Unhandled	reed.delaney@finnsinte.se	Reed	\N	20090616-5474	Delaney	reed.delaney@finnsinte.se	2
400	Unhandled	kenneth.hyde2117@finnsinte.se	Kenneth	\N	20060217-2712	Hyde	kenneth.hyde2117@finnsinte.se	2
401	Unhandled	c.jesse@finnsinte.se	Jesse	\N	20020213-1680	Compton	c.jesse@finnsinte.se	2
402	Unhandled	halla_hill6136@finnsinte.se	Halla	\N	20070412-6153	Hill	halla_hill6136@finnsinte.se	2
403	Unhandled	le_whoopi@finnsinte.se	Whoopi	\N	20020118-1763	Le	le_whoopi@finnsinte.se	2
404	Unhandled	b-terry@finnsinte.se	Brianna	\N	20010716-6748	Terry	b-terry@finnsinte.se	2
405	Unhandled	v-huff3497@finnsinte.se	Vivian	\N	20040415-1801	Huff	v-huff3497@finnsinte.se	2
406	Unhandled	herring.hoyt@finnsinte.se	Hoyt	\N	20080719-5502	Herring	herring.hoyt@finnsinte.se	2
407	Unhandled	r-blake@finnsinte.se	Blake	\N	20070212-4878	Rasmussen	r-blake@finnsinte.se	2
408	Unhandled	shelly-durham6056@finnsinte.se	Shelly	\N	20010917-1871	Durham	shelly-durham6056@finnsinte.se	2
409	Unhandled	cohenbuckminster7084@finnsinte.se	Buckminster	\N	20060314-7634	Cohen	cohenbuckminster7084@finnsinte.se	2
410	Unhandled	cameronnasim7277@finnsinte.se	Nasim	\N	20000516-5311	Cameron	cameronnasim7277@finnsinte.se	2
411	Unhandled	foremanzachary2434@finnsinte.se	Zachary	\N	20080616-4779	Foreman	foremanzachary2434@finnsinte.se	2
412	Unhandled	underwood_winifred@finnsinte.se	Winifred	\N	20040915-4016	Underwood	underwood_winifred@finnsinte.se	2
413	Unhandled	diaz-melinda@finnsinte.se	Melinda	\N	20080616-8423	Diaz	diaz-melinda@finnsinte.se	2
414	Unhandled	sashabest6214@finnsinte.se	Sasha	\N	20050415-2340	Best	sashabest6214@finnsinte.se	2
415	Unhandled	c-louis@finnsinte.se	Louis	\N	20050318-3427	Cochran	c-louis@finnsinte.se	2
416	Unhandled	d_adams@finnsinte.se	Desiree	\N	20010811-1662	Adams	d_adams@finnsinte.se	2
417	Unhandled	talleystacy@finnsinte.se	Stacy	\N	20030617-4312	Talley	talleystacy@finnsinte.se	2
418	Unhandled	isaiah.ayers7248@finnsinte.se	Isaiah	\N	20040718-1611	Ayers	isaiah.ayers7248@finnsinte.se	2
419	Unhandled	c.lyons7930@finnsinte.se	Christian	\N	20080817-1586	Lyons	c.lyons7930@finnsinte.se	2
420	Unhandled	carey.lucas@finnsinte.se	Lucas	\N	20040314-0833	Carey	carey.lucas@finnsinte.se	2
421	Unhandled	wautumn9240@finnsinte.se	Autumn	\N	20000413-4462	Wilson	wautumn9240@finnsinte.se	2
422	Unhandled	allencathleen@finnsinte.se	Cathleen	\N	20020511-5279	Allen	allencathleen@finnsinte.se	2
423	Unhandled	warren.mosley8508@finnsinte.se	Warren	\N	20080817-8937	Mosley	warren.mosley8508@finnsinte.se	2
424	Unhandled	miles_alexis@finnsinte.se	Alexis	\N	20000417-9191	Miles	miles_alexis@finnsinte.se	2
425	Unhandled	rstafford2674@finnsinte.se	Rebecca	\N	20050612-6323	Stafford	rstafford2674@finnsinte.se	2
426	Unhandled	hunter-kiona152@finnsinte.se	Kiona	\N	20070318-7542	Hunter	hunter-kiona152@finnsinte.se	2
427	Unhandled	kline-rama7370@finnsinte.se	Rama	\N	20060913-2512	Kline	kline-rama7370@finnsinte.se	2
428	Unhandled	marsden_simpson@finnsinte.se	Marsden	\N	20010313-1318	Simpson	marsden_simpson@finnsinte.se	2
429	Unhandled	j-hayes@finnsinte.se	Jemima	\N	20080218-7763	Hayes	j-hayes@finnsinte.se	2
430	Unhandled	curtis-amela3667@finnsinte.se	Amela	\N	20050711-4789	Curtis	curtis-amela3667@finnsinte.se	2
431	Unhandled	d.deleon5722@finnsinte.se	Dolan	\N	20000513-0876	Deleon	d.deleon5722@finnsinte.se	2
432	Unhandled	wandalindsey@finnsinte.se	Wanda	\N	20030218-1148	Lindsey	wandalindsey@finnsinte.se	2
433	Unhandled	cotemia@finnsinte.se	Mia	\N	20040715-2888	Cote	cotemia@finnsinte.se	2
434	Unhandled	h_morin1831@finnsinte.se	Hadassah	\N	20020315-6781	Morin	h_morin1831@finnsinte.se	2
435	Unhandled	patton_shay@finnsinte.se	Shay	\N	20020815-1188	Patton	patton_shay@finnsinte.se	2
436	Unhandled	morseyasir1075@finnsinte.se	Yasir	\N	20060817-7547	Morse	morseyasir1075@finnsinte.se	2
437	Unhandled	comptonbruno@finnsinte.se	Bruno	\N	20040219-0870	Compton	comptonbruno@finnsinte.se	2
438	Unhandled	shelley-walter3987@finnsinte.se	Shelley	\N	20010517-6757	Walter	shelley-walter3987@finnsinte.se	2
439	Unhandled	ward_kareem@finnsinte.se	Kareem	\N	20010315-7333	Ward	ward_kareem@finnsinte.se	2
440	Unhandled	duncandanielle@finnsinte.se	Danielle	\N	20010812-4337	Duncan	duncandanielle@finnsinte.se	2
441	Unhandled	r-blackwell8407@finnsinte.se	Rigel	\N	20010815-3849	Blackwell	r-blackwell8407@finnsinte.se	2
442	Unhandled	j-ware@finnsinte.se	Jerome	\N	20010914-2200	Ware	j-ware@finnsinte.se	2
443	Unhandled	bates-cody7309@finnsinte.se	Cody	\N	20010817-5395	Bates	bates-cody7309@finnsinte.se	2
444	Unhandled	gmcintosh8689@finnsinte.se	Garrison	\N	20040514-8456	Mcintosh	gmcintosh8689@finnsinte.se	2
445	Unhandled	perry-hyacinth431@finnsinte.se	Hyacinth	\N	20010719-6151	Perry	perry-hyacinth431@finnsinte.se	2
446	Unhandled	m.lambert1958@finnsinte.se	Melyssa	\N	20030818-2073	Lambert	m.lambert1958@finnsinte.se	2
447	Unhandled	cruzflynn2129@finnsinte.se	Flynn	\N	20000514-5125	Cruz	cruzflynn2129@finnsinte.se	2
448	Unhandled	benderjelani@finnsinte.se	Jelani	\N	20050516-5610	Bender	benderjelani@finnsinte.se	2
449	Unhandled	daria.baxter@finnsinte.se	Daria	\N	20040117-6463	Baxter	daria.baxter@finnsinte.se	2
450	Unhandled	mstafford@finnsinte.se	Mari	\N	20090611-5911	Stafford	mstafford@finnsinte.se	2
451	Unhandled	t.kerr@finnsinte.se	Thor	\N	20050611-5480	Kerr	t.kerr@finnsinte.se	2
452	Unhandled	jamena@finnsinte.se	Amena	\N	20040316-6484	Johnston	jamena@finnsinte.se	2
453	Unhandled	h-greene@finnsinte.se	Harlan	\N	20030819-6261	Greene	h-greene@finnsinte.se	2
454	Unhandled	e.sanchez@finnsinte.se	Emery	\N	20080216-6423	Sanchez	e.sanchez@finnsinte.se	2
455	Unhandled	s.hilel2842@finnsinte.se	Hilel	\N	20050417-7584	Schultz	s.hilel2842@finnsinte.se	2
456	Unhandled	t_kidd7563@finnsinte.se	Tallulah	\N	20050112-1585	Kidd	t_kidd7563@finnsinte.se	2
457	Unhandled	cjoyce9556@finnsinte.se	Caryn	\N	20030712-1045	Joyce	cjoyce9556@finnsinte.se	2
458	Unhandled	a.bonner5107@finnsinte.se	Adara	\N	20070215-8652	Bonner	a.bonner5107@finnsinte.se	2
459	Unhandled	nicholsonrebekah9124@finnsinte.se	Rebekah	\N	20070313-8738	Nicholson	nicholsonrebekah9124@finnsinte.se	2
460	Unhandled	hutchinson.nyssa@finnsinte.se	Nyssa	\N	20060816-7826	Hutchinson	hutchinson.nyssa@finnsinte.se	2
461	Unhandled	sharpe.hilel788@finnsinte.se	Hilel	\N	20060717-7577	Sharpe	sharpe.hilel788@finnsinte.se	2
462	Unhandled	matthewscara3914@finnsinte.se	Cara	\N	20080716-3346	Matthews	matthewscara3914@finnsinte.se	2
463	Unhandled	henson-uriah@finnsinte.se	Uriah	\N	20070718-7732	Henson	henson-uriah@finnsinte.se	2
464	Unhandled	duran-donovan3711@finnsinte.se	Donovan	\N	20030315-8441	Duran	duran-donovan3711@finnsinte.se	2
465	Unhandled	o-shaffer@finnsinte.se	Oprah	\N	20080314-9658	Shaffer	o-shaffer@finnsinte.se	2
466	Unhandled	m.nolan163@finnsinte.se	Nolan	\N	20080714-9145	Murray	m.nolan163@finnsinte.se	2
467	Unhandled	brady-mack9100@finnsinte.se	Brady	\N	20000319-1275	Mack	brady-mack9100@finnsinte.se	2
468	Unhandled	casher4006@finnsinte.se	Asher	\N	20050511-6222	Carpenter	casher4006@finnsinte.se	2
469	Unhandled	becker_remedios5044@finnsinte.se	Remedios	\N	20090215-3223	Becker	becker_remedios5044@finnsinte.se	2
470	Unhandled	m_little@finnsinte.se	Maggy	\N	20070212-8637	Little	m_little@finnsinte.se	2
471	Unhandled	harrington-oliver4831@finnsinte.se	Oliver	\N	20020212-8816	Harrington	harrington-oliver4831@finnsinte.se	2
472	Unhandled	silvaalexandra@finnsinte.se	Alexandra	\N	20040816-5675	Silva	silvaalexandra@finnsinte.se	2
473	Unhandled	howe-aaron1059@finnsinte.se	Aaron	\N	20020217-9812	Howe	howe-aaron1059@finnsinte.se	2
474	Unhandled	ware.carla3735@finnsinte.se	Carla	\N	20030615-1513	Ware	ware.carla3735@finnsinte.se	2
475	Unhandled	d-cook@finnsinte.se	Dora	\N	20010314-3813	Cook	d-cook@finnsinte.se	2
476	Unhandled	h.colleen3468@finnsinte.se	Colleen	\N	20070514-8625	Howard	h.colleen3468@finnsinte.se	2
477	Unhandled	fscott@finnsinte.se	Finn	\N	20030712-2646	Scott	fscott@finnsinte.se	2
478	Unhandled	a.sanders@finnsinte.se	Aidan	\N	20050514-2216	Sanders	a.sanders@finnsinte.se	2
479	Unhandled	maynard-joelle@finnsinte.se	Joelle	\N	20000614-9276	Maynard	maynard-joelle@finnsinte.se	2
480	Unhandled	camilla-sykes@finnsinte.se	Camilla	\N	20060812-1373	Sykes	camilla-sykes@finnsinte.se	2
481	Unhandled	sonyasawyer@finnsinte.se	Sonya	\N	20020812-3465	Sawyer	sonyasawyer@finnsinte.se	2
482	Unhandled	o-kelley3772@finnsinte.se	Olga	\N	20040318-0077	Kelley	o-kelley3772@finnsinte.se	2
483	Unhandled	a_yang5523@finnsinte.se	Aspen	\N	20040616-0453	Yang	a_yang5523@finnsinte.se	2
484	Unhandled	wolf_zeph@finnsinte.se	Zeph	\N	20090619-8812	Wolf	wolf_zeph@finnsinte.se	2
485	Unhandled	mcleod_chaney1918@finnsinte.se	Chaney	\N	20030418-6828	Mcleod	mcleod_chaney1918@finnsinte.se	2
486	Unhandled	holmes_len4140@finnsinte.se	Len	\N	20050713-7456	Holmes	holmes_len4140@finnsinte.se	2
487	Unhandled	bernard.clare@finnsinte.se	Clare	\N	20060612-1862	Bernard	bernard.clare@finnsinte.se	2
488	Unhandled	m-cruz7753@finnsinte.se	Merrill	\N	20090618-2712	Cruz	m-cruz7753@finnsinte.se	2
489	Unhandled	s-bowers@finnsinte.se	Shea	\N	20080414-2458	Bowers	s-bowers@finnsinte.se	2
490	Unhandled	flores.rigel@finnsinte.se	Rigel	\N	20080714-1587	Flores	flores.rigel@finnsinte.se	2
491	Unhandled	wesley.wagner@finnsinte.se	Wesley	\N	20070318-2142	Wagner	wesley.wagner@finnsinte.se	2
492	Unhandled	v.sawyer7683@finnsinte.se	Sawyer	\N	20010818-3404	Vang	v.sawyer7683@finnsinte.se	2
493	Unhandled	durham_simon9784@finnsinte.se	Simon	\N	20070918-1485	Durham	durham_simon9784@finnsinte.se	2
494	Unhandled	fitzgerald-cochran@finnsinte.se	Fitzgerald	\N	20040417-5763	Cochran	fitzgerald-cochran@finnsinte.se	2
495	Unhandled	roberson.noelani@finnsinte.se	Noelani	\N	20020313-1166	Roberson	roberson.noelani@finnsinte.se	2
496	Unhandled	k-dixon@finnsinte.se	Kristen	\N	20030511-4738	Dixon	k-dixon@finnsinte.se	2
497	Unhandled	c_mccarty@finnsinte.se	Claudia	\N	20050819-9818	Mccarty	c_mccarty@finnsinte.se	2
498	Unhandled	ythornton4944@finnsinte.se	Yvette	\N	20080716-6257	Thornton	ythornton4944@finnsinte.se	2
499	Unhandled	rojas.scott@finnsinte.se	Scott	\N	20060714-9847	Rojas	rojas.scott@finnsinte.se	2
500	Unhandled	h.gomez@finnsinte.se	Hayden	\N	20090414-7475	Gomez	h.gomez@finnsinte.se	2
501	Unhandled	f_shepherd6161@finnsinte.se	Felix	\N	20010111-6535	Shepherd	f_shepherd6161@finnsinte.se	2
502	Unhandled	sotodennis@finnsinte.se	Dennis	\N	20080512-1655	Soto	sotodennis@finnsinte.se	2
503	Unhandled	pmercer@finnsinte.se	Pearl	\N	20000312-2336	Mercer	pmercer@finnsinte.se	2
504	Unhandled	p_rowland5170@finnsinte.se	Phillip	\N	20020817-8803	Rowland	p_rowland5170@finnsinte.se	2
505	Unhandled	sullivan_bo@finnsinte.se	Bo	\N	20040817-6546	Sullivan	sullivan_bo@finnsinte.se	2
506	Unhandled	doyle-alma6636@finnsinte.se	Alma	\N	20040714-5746	Doyle	doyle-alma6636@finnsinte.se	2
507	Unhandled	arden-alvarez2115@finnsinte.se	Arden	\N	20050216-3327	Alvarez	arden-alvarez2115@finnsinte.se	2
508	Unhandled	htatyana3755@finnsinte.se	Tatyana	\N	20060714-8613	Howe	htatyana3755@finnsinte.se	2
509	Unhandled	cjoyce7711@finnsinte.se	Colton	\N	20010611-8755	Joyce	cjoyce7711@finnsinte.se	2
510	Unhandled	roberson_daria5908@finnsinte.se	Daria	\N	20020415-4553	Roberson	roberson_daria5908@finnsinte.se	2
511	Unhandled	d.jacobs@finnsinte.se	Dieter	\N	20050317-5412	Jacobs	d.jacobs@finnsinte.se	2
512	Unhandled	j.garcia2331@finnsinte.se	Jacob	\N	20010818-2682	Garcia	j.garcia2331@finnsinte.se	2
513	Unhandled	n_candace@finnsinte.se	Candace	\N	20000812-2256	Nash	n_candace@finnsinte.se	2
514	Unhandled	beasleysilas9418@finnsinte.se	Silas	\N	20070417-5487	Beasley	beasleysilas9418@finnsinte.se	2
515	Unhandled	v-tyler8324@finnsinte.se	Vielka	\N	20030511-9281	Tyler	v-tyler8324@finnsinte.se	2
516	Unhandled	reynolds-yeo5134@finnsinte.se	Yeo	\N	20080511-6072	Reynolds	reynolds-yeo5134@finnsinte.se	2
517	Unhandled	fforbes@finnsinte.se	Fuller	\N	20020214-8965	Forbes	fforbes@finnsinte.se	2
518	Unhandled	xantha_norris4941@finnsinte.se	Xantha	\N	20040612-9220	Norris	xantha_norris4941@finnsinte.se	2
519	Unhandled	h.dante@finnsinte.se	Dante	\N	20070216-5865	Hamilton	h.dante@finnsinte.se	2
520	Unhandled	x_white5070@finnsinte.se	Xenos	\N	20040216-9939	White	x_white5070@finnsinte.se	2
521	Unhandled	bcharlotte@finnsinte.se	Charlotte	\N	20040417-4760	Barry	bcharlotte@finnsinte.se	2
522	Unhandled	barrera_xaviera6942@finnsinte.se	Xaviera	\N	20010815-2763	Barrera	barrera_xaviera6942@finnsinte.se	2
523	Unhandled	smith.porter@finnsinte.se	Porter	\N	20010114-1921	Smith	smith.porter@finnsinte.se	2
524	Unhandled	g_bradford8236@finnsinte.se	Griffith	\N	20030118-0671	Bradford	g_bradford8236@finnsinte.se	2
525	Unhandled	william.pratt@finnsinte.se	William	\N	20020713-2231	Pratt	william.pratt@finnsinte.se	2
526	Unhandled	jaredvillarreal@finnsinte.se	Jared	\N	20060617-4547	Villarreal	jaredvillarreal@finnsinte.se	2
527	Unhandled	ssophia@finnsinte.se	Sophia	\N	20060513-7593	Sparks	ssophia@finnsinte.se	2
528	Unhandled	clare-norris1106@finnsinte.se	Clare	\N	20020917-3715	Norris	clare-norris1106@finnsinte.se	2
529	Unhandled	a.sears2066@finnsinte.se	Amos	\N	20030214-9032	Sears	a.sears2066@finnsinte.se	2
530	Unhandled	r-carter350@finnsinte.se	Reuben	\N	20010115-7188	Carter	r-carter350@finnsinte.se	2
531	Unhandled	sharpe-athena8037@finnsinte.se	Athena	\N	20070115-0779	Sharpe	sharpe-athena8037@finnsinte.se	2
532	Unhandled	v.miles6919@finnsinte.se	Violet	\N	20010111-1446	Miles	v.miles6919@finnsinte.se	2
533	Unhandled	s-bianca733@finnsinte.se	Bianca	\N	20060718-1218	Stewart	s-bianca733@finnsinte.se	2
534	Unhandled	c-koch@finnsinte.se	Candace	\N	20030614-9216	Koch	c-koch@finnsinte.se	2
535	Unhandled	h_laurel6895@finnsinte.se	Laurel	\N	20070613-8215	Hodge	h_laurel6895@finnsinte.se	2
536	Unhandled	sargentaidan2493@finnsinte.se	Aidan	\N	20080417-3456	Sargent	sargentaidan2493@finnsinte.se	2
537	Unhandled	r.munoz7602@finnsinte.se	Roanna	\N	20050218-2228	Munoz	r.munoz7602@finnsinte.se	2
538	Unhandled	freeman_leroy@finnsinte.se	Leroy	\N	20060718-1276	Freeman	freeman_leroy@finnsinte.se	2
539	Unhandled	tran_fatima4109@finnsinte.se	Fatima	\N	20060212-3419	Tran	tran_fatima4109@finnsinte.se	2
540	Unhandled	buchanan_elizabeth5203@finnsinte.se	Elizabeth	\N	20070414-7119	Buchanan	buchanan_elizabeth5203@finnsinte.se	2
541	Unhandled	melinda_terrell2738@finnsinte.se	Melinda	\N	20020416-7362	Terrell	melinda_terrell2738@finnsinte.se	2
542	Unhandled	f_nehru@finnsinte.se	Nehru	\N	20030213-5113	Floyd	f_nehru@finnsinte.se	2
543	Unhandled	r_quynn@finnsinte.se	Quynn	\N	20010716-5383	Ray	r_quynn@finnsinte.se	2
544	Unhandled	sears_gwendolyn@finnsinte.se	Gwendolyn	\N	20080916-2943	Sears	sears_gwendolyn@finnsinte.se	2
545	Unhandled	l.armstrong@finnsinte.se	Lareina	\N	20070312-4958	Armstrong	l.armstrong@finnsinte.se	2
546	Unhandled	d_stuart8023@finnsinte.se	Declan	\N	20040812-8167	Stuart	d_stuart8023@finnsinte.se	2
547	Unhandled	m.isaiah@finnsinte.se	Isaiah	\N	20060915-6449	Mcmahon	m.isaiah@finnsinte.se	2
548	Unhandled	bmichelle@finnsinte.se	Michelle	\N	20000515-2278	Benjamin	bmichelle@finnsinte.se	2
549	Unhandled	acosta-iliana@finnsinte.se	Iliana	\N	20020117-8325	Acosta	acosta-iliana@finnsinte.se	2
550	Unhandled	adkinsquynn5169@finnsinte.se	Quynn	\N	20060412-1656	Adkins	adkinsquynn5169@finnsinte.se	2
551	Unhandled	chenpatrick@finnsinte.se	Patrick	\N	20040618-5673	Chen	chenpatrick@finnsinte.se	2
552	Unhandled	henryevans606@finnsinte.se	Henry	\N	20060513-8367	Evans	henryevans606@finnsinte.se	2
553	Unhandled	u-harvey@finnsinte.se	Uta	\N	20020615-7319	Harvey	u-harvey@finnsinte.se	2
554	Unhandled	daquan_montoya4839@finnsinte.se	Daquan	\N	20090314-9325	Montoya	daquan_montoya4839@finnsinte.se	2
555	Unhandled	baldwin.guy1808@finnsinte.se	Guy	\N	20050614-8346	Baldwin	baldwin.guy1808@finnsinte.se	2
556	Unhandled	c_poole@finnsinte.se	Charissa	\N	20050715-3419	Poole	c_poole@finnsinte.se	2
557	Unhandled	s_wood3831@finnsinte.se	Susan	\N	20010417-8323	Wood	s_wood3831@finnsinte.se	2
558	Unhandled	hamiltonalvarado9524@finnsinte.se	Hamilton	\N	20020217-7367	Alvarado	hamiltonalvarado9524@finnsinte.se	2
559	Unhandled	hsummers5159@finnsinte.se	Hammett	\N	20030719-8887	Summers	hsummers5159@finnsinte.se	2
560	Unhandled	waters_lawrence221@finnsinte.se	Lawrence	\N	20060614-6680	Waters	waters_lawrence221@finnsinte.se	2
561	Unhandled	troberts@finnsinte.se	Timothy	\N	20040616-2152	Roberts	troberts@finnsinte.se	2
562	Unhandled	b_reed5957@finnsinte.se	Byron	\N	20030814-3373	Reed	b_reed5957@finnsinte.se	2
563	Unhandled	b.villarreal@finnsinte.se	Blythe	\N	20020616-9181	Villarreal	b.villarreal@finnsinte.se	2
564	Unhandled	k_floyd4182@finnsinte.se	Kamal	\N	20080314-8455	Floyd	k_floyd4182@finnsinte.se	2
565	Unhandled	c.sawyer4232@finnsinte.se	Cain	\N	20050516-7286	Sawyer	c.sawyer4232@finnsinte.se	2
566	Unhandled	perry.cathleen@finnsinte.se	Cathleen	\N	20040113-3360	Perry	perry.cathleen@finnsinte.se	2
567	Unhandled	figueroajason@finnsinte.se	Jason	\N	20020114-3394	Figueroa	figueroajason@finnsinte.se	2
568	Unhandled	d.olson3621@finnsinte.se	Delilah	\N	20020817-2895	Olson	d.olson3621@finnsinte.se	2
569	Unhandled	moody.lael@finnsinte.se	Lael	\N	20060315-1273	Moody	moody.lael@finnsinte.se	2
570	Unhandled	hampton.abbot6828@finnsinte.se	Abbot	\N	20010314-8051	Hampton	hampton.abbot6828@finnsinte.se	2
571	Unhandled	cantrellrooney@finnsinte.se	Rooney	\N	20080415-0687	Cantrell	cantrellrooney@finnsinte.se	2
572	Unhandled	burke.amos8356@finnsinte.se	Amos	\N	20000818-9066	Burke	burke.amos8356@finnsinte.se	2
573	Unhandled	k.salvador@finnsinte.se	Salvador	\N	20020211-4301	Kinney	k.salvador@finnsinte.se	2
574	Unhandled	fernandezpearl@finnsinte.se	Pearl	\N	20060612-1392	Fernandez	fernandezpearl@finnsinte.se	2
575	Unhandled	kjudith5100@finnsinte.se	Judith	\N	20080719-6533	Keith	kjudith5100@finnsinte.se	2
576	Unhandled	g.monroe@finnsinte.se	Glenna	\N	20060616-1418	Monroe	g.monroe@finnsinte.se	2
577	Unhandled	tdejesus@finnsinte.se	Talon	\N	20060918-5112	Dejesus	tdejesus@finnsinte.se	2
578	Unhandled	ahaley1518@finnsinte.se	Haley	\N	20030318-9243	Arnold	ahaley1518@finnsinte.se	2
579	Unhandled	d.boyle5796@finnsinte.se	Darryl	\N	20020515-5434	Boyle	d.boyle5796@finnsinte.se	2
580	Unhandled	p.morse@finnsinte.se	Piper	\N	20030217-1726	Morse	p.morse@finnsinte.se	2
581	Unhandled	c_bright@finnsinte.se	Caldwell	\N	20060613-8153	Bright	c_bright@finnsinte.se	2
582	Unhandled	haleyeleanor6732@finnsinte.se	Eleanor	\N	20060518-2541	Haley	haleyeleanor6732@finnsinte.se	2
583	Unhandled	pittman.rhonda3181@finnsinte.se	Rhonda	\N	20020119-1764	Pittman	pittman.rhonda3181@finnsinte.se	2
584	Unhandled	h.stark8219@finnsinte.se	Harlan	\N	20090512-7974	Stark	h.stark8219@finnsinte.se	2
585	Unhandled	g_roberson4732@finnsinte.se	Genevieve	\N	20070218-0928	Roberson	g_roberson4732@finnsinte.se	2
586	Unhandled	r-giselle1387@finnsinte.se	Giselle	\N	20020314-3235	Ratliff	r-giselle1387@finnsinte.se	2
587	Unhandled	b_clayton@finnsinte.se	Boris	\N	20050216-4322	Clayton	b_clayton@finnsinte.se	2
588	Unhandled	kirk_frank@finnsinte.se	Kirk	\N	20030818-1413	Frank	kirk_frank@finnsinte.se	2
589	Unhandled	k.price75@finnsinte.se	Katelyn	\N	20010513-6512	Price	k.price75@finnsinte.se	2
590	Unhandled	h.langley@finnsinte.se	Henry	\N	20070615-7153	Langley	h.langley@finnsinte.se	2
591	Unhandled	dai-gonzales@finnsinte.se	Dai	\N	20030414-5355	Gonzales	dai-gonzales@finnsinte.se	2
592	Unhandled	myra_forbes688@finnsinte.se	Myra	\N	20080616-3723	Forbes	myra_forbes688@finnsinte.se	2
593	Unhandled	j-lani@finnsinte.se	Lani	\N	20000215-5581	Jacobs	j-lani@finnsinte.se	2
594	Unhandled	paugust4671@finnsinte.se	August	\N	20060312-9044	Pate	paugust4671@finnsinte.se	2
595	Unhandled	christenwilder@finnsinte.se	Christen	\N	20060816-2571	Wilder	christenwilder@finnsinte.se	2
596	Unhandled	z.hess@finnsinte.se	Zelenia	\N	20080416-7002	Hess	z.hess@finnsinte.se	2
597	Unhandled	wyatt_elliott2385@finnsinte.se	Wyatt	\N	20070719-3647	Elliott	wyatt_elliott2385@finnsinte.se	2
598	Unhandled	montgomery_mercedes@finnsinte.se	Mercedes	\N	20010118-2589	Montgomery	montgomery_mercedes@finnsinte.se	2
599	Unhandled	r_caesar@finnsinte.se	Caesar	\N	20000518-6741	Reed	r_caesar@finnsinte.se	2
600	Unhandled	georgia_callahan177@finnsinte.se	Georgia	\N	20040317-2385	Callahan	georgia_callahan177@finnsinte.se	2
601	Unhandled	b_rajah@finnsinte.se	Rajah	\N	20090611-1661	Blankenship	b_rajah@finnsinte.se	2
602	Unhandled	chang.lester1615@finnsinte.se	Lester	\N	20070714-7550	Chang	chang.lester1615@finnsinte.se	2
603	Unhandled	cperkins@finnsinte.se	Caldwell	\N	20020613-1511	Perkins	cperkins@finnsinte.se	2
604	Unhandled	washington.nita@finnsinte.se	Nita	\N	20090513-5453	Washington	washington.nita@finnsinte.se	2
605	Unhandled	k-miller9877@finnsinte.se	Keelie	\N	20090318-7751	Miller	k-miller9877@finnsinte.se	2
606	Unhandled	w-trevor7449@finnsinte.se	Trevor	\N	20090812-1450	Wyatt	w-trevor7449@finnsinte.se	2
607	Unhandled	chantaleduncan8446@finnsinte.se	Chantale	\N	20010418-5512	Duncan	chantaleduncan8446@finnsinte.se	2
608	Unhandled	mjarvis@finnsinte.se	Mark	\N	20010218-3141	Jarvis	mjarvis@finnsinte.se	2
609	Unhandled	frank.todd@finnsinte.se	Todd	\N	20040211-4241	Frank	frank.todd@finnsinte.se	2
610	Unhandled	g.palmer2402@finnsinte.se	Genevieve	\N	20020719-1253	Palmer	g.palmer2402@finnsinte.se	2
611	Unhandled	cdonovan6901@finnsinte.se	Donovan	\N	20020214-2774	Carney	cdonovan6901@finnsinte.se	2
612	Unhandled	a-sears9122@finnsinte.se	Aaron	\N	20050812-8631	Sears	a-sears9122@finnsinte.se	2
613	Unhandled	peck.naomi@finnsinte.se	Naomi	\N	20020314-4413	Peck	peck.naomi@finnsinte.se	2
614	Unhandled	e_gutierrez8997@finnsinte.se	Echo	\N	20010413-8247	Gutierrez	e_gutierrez8997@finnsinte.se	2
615	Unhandled	o_roth3852@finnsinte.se	Orlando	\N	20070414-5443	Roth	o_roth3852@finnsinte.se	2
616	Unhandled	l.lee@finnsinte.se	Lee	\N	20030315-7497	Lara	l.lee@finnsinte.se	2
617	Unhandled	u_nash240@finnsinte.se	Nash	\N	20030218-7752	Underwood	u_nash240@finnsinte.se	2
618	Unhandled	jwilder@finnsinte.se	Jade	\N	20060613-2424	Wilder	jwilder@finnsinte.se	2
619	Unhandled	forbes.marah4289@finnsinte.se	Marah	\N	20050116-2981	Forbes	forbes.marah4289@finnsinte.se	2
620	Unhandled	treed@finnsinte.se	Tanner	\N	20020913-1672	Reed	treed@finnsinte.se	2
621	Unhandled	rgalena5609@finnsinte.se	Galena	\N	20070515-4464	Reese	rgalena5609@finnsinte.se	2
622	Unhandled	biancanorton2138@finnsinte.se	Bianca	\N	20020413-3844	Norton	biancanorton2138@finnsinte.se	2
623	Unhandled	s.pennington6684@finnsinte.se	Scarlet	\N	20020519-4771	Pennington	s.pennington6684@finnsinte.se	2
624	Unhandled	inapayne6372@finnsinte.se	Ina	\N	20090817-5533	Payne	inapayne6372@finnsinte.se	2
625	Unhandled	g-ashley@finnsinte.se	Garrison	\N	20080716-4617	Ashley	g-ashley@finnsinte.se	2
626	Unhandled	t-dixon@finnsinte.se	Tasha	\N	20020114-8684	Dixon	t-dixon@finnsinte.se	2
627	Unhandled	b-day3882@finnsinte.se	Baxter	\N	20020615-4372	Day	b-day3882@finnsinte.se	2
628	Unhandled	stein-joan@finnsinte.se	Joan	\N	20030814-5627	Stein	stein-joan@finnsinte.se	2
629	Unhandled	hammond_stone8580@finnsinte.se	Stone	\N	20030718-8021	Hammond	hammond_stone8580@finnsinte.se	2
630	Unhandled	s.ethan@finnsinte.se	Ethan	\N	20080712-8046	Snow	s.ethan@finnsinte.se	2
631	Unhandled	keller_barclay7552@finnsinte.se	Barclay	\N	20020516-6472	Keller	keller_barclay7552@finnsinte.se	2
632	Unhandled	gellis@finnsinte.se	Graiden	\N	20040412-0228	Ellis	gellis@finnsinte.se	2
633	Unhandled	meyers_raja@finnsinte.se	Raja	\N	20050914-9722	Meyers	meyers_raja@finnsinte.se	2
634	Unhandled	bartonstella@finnsinte.se	Stella	\N	20020417-4556	Barton	bartonstella@finnsinte.se	2
635	Unhandled	cannon_margaret@finnsinte.se	Margaret	\N	20060416-1852	Cannon	cannon_margaret@finnsinte.se	2
636	Unhandled	timothy.mcdaniel6114@finnsinte.se	Timothy	\N	20030215-1185	Mcdaniel	timothy.mcdaniel6114@finnsinte.se	2
637	Unhandled	r.pierce@finnsinte.se	Regina	\N	20000414-5617	Pierce	r.pierce@finnsinte.se	2
638	Unhandled	abel.morrison1173@finnsinte.se	Abel	\N	20030414-6484	Morrison	abel.morrison1173@finnsinte.se	2
639	Unhandled	f_ina@finnsinte.se	Ina	\N	20050417-5000	Farley	f_ina@finnsinte.se	2
640	Unhandled	riggs-wing4273@finnsinte.se	Wing	\N	20050414-9811	Riggs	riggs-wing4273@finnsinte.se	2
641	Unhandled	m.zephr@finnsinte.se	Zephr	\N	20020912-4532	Mueller	m.zephr@finnsinte.se	2
642	Unhandled	merrill-anne637@finnsinte.se	Anne	\N	20020813-9056	Merrill	merrill-anne637@finnsinte.se	2
643	Unhandled	m.troy2662@finnsinte.se	Troy	\N	20000814-0449	Montgomery	m.troy2662@finnsinte.se	2
644	Unhandled	toddremedios6412@finnsinte.se	Remedios	\N	20060315-4973	Todd	toddremedios6412@finnsinte.se	2
645	Unhandled	c-rosales@finnsinte.se	Calvin	\N	20020314-7936	Rosales	c-rosales@finnsinte.se	2
646	Unhandled	riggs.heidi6942@finnsinte.se	Heidi	\N	20080718-3720	Riggs	riggs.heidi6942@finnsinte.se	2
647	Unhandled	acosta-brendan3530@finnsinte.se	Brendan	\N	20040214-2684	Acosta	acosta-brendan3530@finnsinte.se	2
648	Unhandled	t.garth@finnsinte.se	Garth	\N	20070711-2277	Terry	t.garth@finnsinte.se	2
649	Unhandled	sashajoseph1320@finnsinte.se	Sasha	\N	20040716-6778	Joseph	sashajoseph1320@finnsinte.se	2
650	Unhandled	v-sellers9090@finnsinte.se	Virginia	\N	20060113-1498	Sellers	v-sellers9090@finnsinte.se	2
651	Unhandled	arobles8392@finnsinte.se	Aquila	\N	20090711-5883	Robles	arobles8392@finnsinte.se	2
652	Unhandled	buckdemetrius@finnsinte.se	Demetrius	\N	20070112-2112	Buck	buckdemetrius@finnsinte.se	2
653	Unhandled	b_ciara7154@finnsinte.se	Ciara	\N	20060118-1771	Branch	b_ciara7154@finnsinte.se	2
654	Unhandled	mollie.kim@finnsinte.se	Mollie	\N	20050216-6554	Kim	mollie.kim@finnsinte.se	2
655	Unhandled	ypetty@finnsinte.se	Yuri	\N	20050514-8472	Petty	ypetty@finnsinte.se	2
656	Unhandled	mbarr@finnsinte.se	May	\N	20080511-1615	Barr	mbarr@finnsinte.se	2
657	Unhandled	a_kinney5188@finnsinte.se	Alden	\N	20070516-5314	Kinney	a_kinney5188@finnsinte.se	2
658	Unhandled	phayes@finnsinte.se	Porter	\N	20070316-1657	Hayes	phayes@finnsinte.se	2
659	Unhandled	a_carpenter8508@finnsinte.se	Aladdin	\N	20010416-3303	Carpenter	a_carpenter8508@finnsinte.se	2
660	Unhandled	m_madden4628@finnsinte.se	Martena	\N	20070713-8430	Madden	m_madden4628@finnsinte.se	2
661	Unhandled	david-abra@finnsinte.se	Abra	\N	20030713-6456	David	david-abra@finnsinte.se	2
662	Unhandled	l.sharon@finnsinte.se	Sharon	\N	20060612-3517	Love	l.sharon@finnsinte.se	2
663	Unhandled	gallegos.grace@finnsinte.se	Grace	\N	20070417-8816	Gallegos	gallegos.grace@finnsinte.se	2
664	Unhandled	dcolorado1752@finnsinte.se	Colorado	\N	20040415-7707	Duke	dcolorado1752@finnsinte.se	2
665	Unhandled	d_mullins@finnsinte.se	Derek	\N	20080312-2268	Mullins	d_mullins@finnsinte.se	2
666	Unhandled	b.dodson8637@finnsinte.se	Bianca	\N	20020114-1157	Dodson	b.dodson8637@finnsinte.se	2
667	Unhandled	k_davidson@finnsinte.se	Kasimir	\N	20060314-3485	Davidson	k_davidson@finnsinte.se	2
668	Unhandled	orla_le374@finnsinte.se	Orla	\N	20020513-2190	Le	orla_le374@finnsinte.se	2
669	Unhandled	w.jada@finnsinte.se	Jada	\N	20010616-1854	Warner	w.jada@finnsinte.se	2
670	Unhandled	j.nolan@finnsinte.se	Jasper	\N	20040717-6025	Nolan	j.nolan@finnsinte.se	2
671	Unhandled	c-washington3391@finnsinte.se	Chaney	\N	20050611-7615	Washington	c-washington3391@finnsinte.se	2
672	Unhandled	sawyer-colton4922@finnsinte.se	Colton	\N	20030513-0572	Sawyer	sawyer-colton4922@finnsinte.se	2
673	Unhandled	kerr-ira5318@finnsinte.se	Ira	\N	20010716-2271	Kerr	kerr-ira5318@finnsinte.se	2
674	Unhandled	y_byrd2408@finnsinte.se	Yoshi	\N	20020818-6134	Byrd	y_byrd2408@finnsinte.se	2
675	Unhandled	mcmillan.troy5804@finnsinte.se	Troy	\N	20010815-0158	Mcmillan	mcmillan.troy5804@finnsinte.se	2
676	Unhandled	cline-sybil@finnsinte.se	Sybil	\N	20080414-6134	Cline	cline-sybil@finnsinte.se	2
677	Unhandled	johnston-amy@finnsinte.se	Amy	\N	20070417-2873	Johnston	johnston-amy@finnsinte.se	2
678	Unhandled	ahmed_holloway@finnsinte.se	Ahmed	\N	20040313-1532	Holloway	ahmed_holloway@finnsinte.se	2
11	Unhandled	l_crane118@finnsinte.se	Leroy	\N	20070114-1252	Crane	l_crane118@finnsinte.se	2
12	Unhandled	a-meadows7789@finnsinte.se	Aristotle	\N	20030413-5765	Meadows	a-meadows7789@finnsinte.se	2
13	Unhandled	tucker-travis2407@finnsinte.se	Tucker	\N	20090317-7750	Travis	tucker-travis2407@finnsinte.se	2
14	Unhandled	fultonwilkerson@finnsinte.se	Fulton	\N	20020119-6956	Wilkerson	fultonwilkerson@finnsinte.se	2
15	Unhandled	z-lopez@finnsinte.se	Zeph	\N	20030715-4421	Lopez	z-lopez@finnsinte.se	2
16	Unhandled	o.xander@finnsinte.se	Xander	\N	20050715-0949	Ortiz	o.xander@finnsinte.se	2
17	Unhandled	l-house6763@finnsinte.se	Lyle	\N	20020419-6224	House	l-house6763@finnsinte.se	2
18	Unhandled	c.barry9102@finnsinte.se	Cassandra	\N	20080213-5606	Barry	c.barry9102@finnsinte.se	2
1	\N	Joelle.Wilkinson@companyDomain.com	Joelle	$2a$10$c2u.r94WXryopGVVLbWplOfAJ3NccypDFLydDQweQRJdhHwI0/Euy	\N	Wilkinson	JoelleWilkinson	1
5	\N	Maxwell.Bailey@companyDomain.com	Maxwell	$2a$10$XqZ0vIySIg0A4YhnocigdusbrVXZRFJIBdfqurwHmE8hD1P.kW3Se	\N	Bailey	MaxwellBailey	1
7	\N	Hedley.Arnold@companyDomain.com	Hedley	$2a$10$aO8ltHm5d5HUeCKzQjd/6uZOanl8f6oEV8Ey1hS.Tfzb95vmmpKHG	\N	Arnold	HedleyArnold	1
8	\N	Armand.Todd@companyDomain.com	Armand	$2a$10$gho2.lqitZ7I5lkQ4jGG5.cvWDhEGYI9qzQxf9J9xQSgJ8xLfwUhq	\N	Todd	ArmandTodd	1
3	\N	Dante.Mason@companyDomain.com	Dante	$2a$10$WGk0D9BwjzFHR6WDncXTbuYe/YWB1hetE6WhBCGjEH72kqkn40FcS	\N	Mason	DanteMason	1
4	\N	Risa.Mayer@companyDomain.com	Risa	$2a$10$NdobvlGQFapE/n3LZsWxxez4S8NQZy3mHpdAPfBcgIUjC5qxfBMIi	\N	Mayer	RisaMayer	1
6	\N	Emi.Flowers@companyDomain.com	Emi	$2a$10$mUN9vyoN68SiErdvwShI9eyicNil/uNmyObanlEoLl91vVRLjd4Om	\N	Flowers	EmiFlowers	1
2	\N	Martin.Cummings@companyDomain.com	Martin	$2a$10$HEuC70S4VI9s4WMD2X97r.2QWX1XkYrbRZf/u6QxgOkASKxyetHgC	\N	Cummings	MartinCummings	1
1012	Unhandled	han.solo@smuggler.com	Han	$2a$10$IPlWfl0Gm6mPeKgurqHBeuRNAc6fTzZym19NqZ36cf8452xPuT2qq	20220303-1010	Solo	han.solo@smuggler.com	2
679	Unhandled	smith.venus@finnsinte.se	Venus	\N	20020517-2910	Smith	smith.venus@finnsinte.se	2
680	Unhandled	d_guerra528@finnsinte.se	Dorian	\N	20080811-2995	Guerra	d_guerra528@finnsinte.se	2
681	Unhandled	rivas.danielle@finnsinte.se	Danielle	\N	20070913-4821	Rivas	rivas.danielle@finnsinte.se	2
682	Unhandled	carlymerrill1089@finnsinte.se	Carly	\N	20060817-7636	Merrill	carlymerrill1089@finnsinte.se	2
683	Unhandled	velazquez-tanisha9345@finnsinte.se	Tanisha	\N	20010917-5860	Velazquez	velazquez-tanisha9345@finnsinte.se	2
684	Unhandled	hodges.stephen@finnsinte.se	Stephen	\N	20080819-6503	Hodges	hodges.stephen@finnsinte.se	2
685	Unhandled	c-quinn@finnsinte.se	Carla	\N	20050712-5814	Quinn	c-quinn@finnsinte.se	2
686	Unhandled	blair-jameson@finnsinte.se	Jameson	\N	20000711-9656	Blair	blair-jameson@finnsinte.se	2
687	Unhandled	bartonhashim6967@finnsinte.se	Hashim	\N	20020312-7545	Barton	bartonhashim6967@finnsinte.se	2
688	Unhandled	heaton8922@finnsinte.se	Harrison	\N	20050618-5124	Eaton	heaton8922@finnsinte.se	2
689	Unhandled	levi.pierce7441@finnsinte.se	Levi	\N	20000613-3571	Pierce	levi.pierce7441@finnsinte.se	2
690	Unhandled	c-barr2650@finnsinte.se	Carol	\N	20050217-5235	Barr	c-barr2650@finnsinte.se	2
691	Unhandled	k.cobb@finnsinte.se	Kennedy	\N	20020715-3086	Cobb	k.cobb@finnsinte.se	2
692	Unhandled	amelia_tyson@finnsinte.se	Amelia	\N	20040618-2429	Tyson	amelia_tyson@finnsinte.se	2
693	Unhandled	saunders.wing@finnsinte.se	Wing	\N	20050112-7442	Saunders	saunders.wing@finnsinte.se	2
694	Unhandled	w_bridges798@finnsinte.se	Wayne	\N	20040317-7849	Bridges	w_bridges798@finnsinte.se	2
695	Unhandled	c.mason@finnsinte.se	Clayton	\N	20010617-3384	Mason	c.mason@finnsinte.se	2
696	Unhandled	hilda.monroe4692@finnsinte.se	Hilda	\N	20070318-9713	Monroe	hilda.monroe4692@finnsinte.se	2
697	Unhandled	willa.mcknight5992@finnsinte.se	Willa	\N	20000715-7640	Mcknight	willa.mcknight5992@finnsinte.se	2
698	Unhandled	whitley-merrill@finnsinte.se	Merrill	\N	20010712-5688	Whitley	whitley-merrill@finnsinte.se	2
699	Unhandled	tperez7620@finnsinte.se	Tatiana	\N	20020614-0346	Perez	tperez7620@finnsinte.se	2
700	Unhandled	abradshaw1970@finnsinte.se	Aretha	\N	20010514-1303	Bradshaw	abradshaw1970@finnsinte.se	2
701	Unhandled	m_cleo@finnsinte.se	Cleo	\N	20070216-1361	Moon	m_cleo@finnsinte.se	2
702	Unhandled	c-asher@finnsinte.se	Asher	\N	20010312-4861	Clay	c-asher@finnsinte.se	2
703	Unhandled	j.morse5653@finnsinte.se	Judah	\N	20070315-2843	Morse	j.morse5653@finnsinte.se	2
704	Unhandled	s-strickland@finnsinte.se	Stewart	\N	20060717-6732	Strickland	s-strickland@finnsinte.se	2
705	Unhandled	s.strong1264@finnsinte.se	Stephanie	\N	20090712-7342	Strong	s.strong1264@finnsinte.se	2
706	Unhandled	k.nichols229@finnsinte.se	Kaitlin	\N	20050717-6515	Nichols	k.nichols229@finnsinte.se	2
707	Unhandled	martinez.samantha@finnsinte.se	Samantha	\N	20080715-9284	Martinez	martinez.samantha@finnsinte.se	2
708	Unhandled	t-farmer4881@finnsinte.se	Tanya	\N	20070318-2439	Farmer	t-farmer4881@finnsinte.se	2
709	Unhandled	clemons_deirdre5867@finnsinte.se	Deirdre	\N	20080519-2641	Clemons	clemons_deirdre5867@finnsinte.se	2
710	Unhandled	isnow@finnsinte.se	Ignacia	\N	20050214-8872	Snow	isnow@finnsinte.se	2
711	Unhandled	bbaxter425@finnsinte.se	Boris	\N	20020317-5142	Baxter	bbaxter425@finnsinte.se	2
712	Unhandled	willis.cailin1233@finnsinte.se	Cailin	\N	20000115-0826	Willis	willis.cailin1233@finnsinte.se	2
713	Unhandled	ratliffjoan3112@finnsinte.se	Joan	\N	20090716-1115	Ratliff	ratliffjoan3112@finnsinte.se	2
714	Unhandled	cooper_alan3626@finnsinte.se	Alan	\N	20010212-5721	Cooper	cooper_alan3626@finnsinte.se	2
715	Unhandled	elvisglass9265@finnsinte.se	Elvis	\N	20070417-2338	Glass	elvisglass9265@finnsinte.se	2
716	Unhandled	i.barlow3103@finnsinte.se	Iola	\N	20040316-4605	Barlow	i.barlow3103@finnsinte.se	2
717	Unhandled	n.snider8431@finnsinte.se	Noble	\N	20040419-3562	Snider	n.snider8431@finnsinte.se	2
718	Unhandled	m.humphrey@finnsinte.se	Macy	\N	20010311-0223	Humphrey	m.humphrey@finnsinte.se	2
719	Unhandled	swayne@finnsinte.se	Wayne	\N	20090318-1467	Santos	swayne@finnsinte.se	2
720	Unhandled	jacobs-charlotte@finnsinte.se	Charlotte	\N	20030213-2640	Jacobs	jacobs-charlotte@finnsinte.se	2
721	Unhandled	blang7617@finnsinte.se	Benedict	\N	20070318-9617	Lang	blang7617@finnsinte.se	2
722	Unhandled	a.keaton603@finnsinte.se	Keaton	\N	20050416-3870	Arnold	a.keaton603@finnsinte.se	2
723	Unhandled	butler-ursa@finnsinte.se	Ursa	\N	20040612-8223	Butler	butler-ursa@finnsinte.se	2
724	Unhandled	walker-dillon@finnsinte.se	Dillon	\N	20040612-6118	Walker	walker-dillon@finnsinte.se	2
725	Unhandled	moody-autumn@finnsinte.se	Autumn	\N	20060416-2743	Moody	moody-autumn@finnsinte.se	2
726	Unhandled	j.garrison1158@finnsinte.se	Justine	\N	20020819-7518	Garrison	j.garrison1158@finnsinte.se	2
727	Unhandled	kortega5536@finnsinte.se	Katell	\N	20010918-6842	Ortega	kortega5536@finnsinte.se	2
728	Unhandled	fwhitney@finnsinte.se	Whitney	\N	20090818-9522	Fletcher	fwhitney@finnsinte.se	2
729	Unhandled	longursula@finnsinte.se	Ursula	\N	20030118-8767	Long	longursula@finnsinte.se	2
730	Unhandled	bergbertha911@finnsinte.se	Bertha	\N	20050618-5854	Berg	bergbertha911@finnsinte.se	2
731	Unhandled	mchava@finnsinte.se	Chava	\N	20010214-2703	Moses	mchava@finnsinte.se	2
732	Unhandled	j-morgan5874@finnsinte.se	Jenna	\N	20020217-2111	Morgan	j-morgan5874@finnsinte.se	2
733	Unhandled	jorden_bruce2187@finnsinte.se	Jorden	\N	20050818-5149	Bruce	jorden_bruce2187@finnsinte.se	2
734	Unhandled	munozhayfa9807@finnsinte.se	Hayfa	\N	20030111-7750	Munoz	munozhayfa9807@finnsinte.se	2
735	Unhandled	jade-ross@finnsinte.se	Jade	\N	20080118-9434	Ross	jade-ross@finnsinte.se	2
736	Unhandled	rtamekah@finnsinte.se	Tamekah	\N	20080114-2121	Roberts	rtamekah@finnsinte.se	2
737	Unhandled	tcline1421@finnsinte.se	Tate	\N	20070418-0353	Cline	tcline1421@finnsinte.se	2
738	Unhandled	pottskevyn5113@finnsinte.se	Kevyn	\N	20070418-2332	Potts	pottskevyn5113@finnsinte.se	2
739	Unhandled	l_hebert@finnsinte.se	Lionel	\N	20050413-5858	Hebert	l_hebert@finnsinte.se	2
740	Unhandled	welchyasir@finnsinte.se	Yasir	\N	20040414-9942	Welch	welchyasir@finnsinte.se	2
741	Unhandled	chambershadassah@finnsinte.se	Hadassah	\N	20020615-9486	Chambers	chambershadassah@finnsinte.se	2
742	Unhandled	j.bates361@finnsinte.se	Jaime	\N	20030517-8674	Bates	j.bates361@finnsinte.se	2
743	Unhandled	mclaughlinshelley@finnsinte.se	Shelley	\N	20050612-2952	Mclaughlin	mclaughlinshelley@finnsinte.se	2
744	Unhandled	c-hughes5751@finnsinte.se	Cheyenne	\N	20050211-2546	Hughes	c-hughes5751@finnsinte.se	2
745	Unhandled	geoffrey_richardson2490@finnsinte.se	Geoffrey	\N	20080514-4768	Richardson	geoffrey_richardson2490@finnsinte.se	2
746	Unhandled	mwarner@finnsinte.se	Magee	\N	20060819-4116	Warner	mwarner@finnsinte.se	2
747	Unhandled	sglenna6589@finnsinte.se	Glenna	\N	20090414-3381	Stephens	sglenna6589@finnsinte.se	2
748	Unhandled	h.carter@finnsinte.se	Carter	\N	20030518-7327	Holcomb	h.carter@finnsinte.se	2
749	Unhandled	bakerpadilla8704@finnsinte.se	Baker	\N	20030413-2302	Padilla	bakerpadilla8704@finnsinte.se	2
750	Unhandled	gillbradley103@finnsinte.se	Bradley	\N	20040516-1979	Gill	gillbradley103@finnsinte.se	2
751	Unhandled	clarke_fox4868@finnsinte.se	Clarke	\N	20020712-2715	Fox	clarke_fox4868@finnsinte.se	2
752	Unhandled	mercadojordan@finnsinte.se	Jordan	\N	20050211-6151	Mercado	mercadojordan@finnsinte.se	2
753	Unhandled	c-lawson8890@finnsinte.se	Cooper	\N	20070212-5626	Lawson	c-lawson8890@finnsinte.se	2
754	Unhandled	s-adele9060@finnsinte.se	Adele	\N	20070311-5021	Snyder	s-adele9060@finnsinte.se	2
755	Unhandled	d_goodman2035@finnsinte.se	Dylan	\N	20040817-7461	Goodman	d_goodman2035@finnsinte.se	2
756	Unhandled	s_olivia@finnsinte.se	Olivia	\N	20030113-5180	Sampson	s_olivia@finnsinte.se	2
757	Unhandled	ggreen@finnsinte.se	Gretchen	\N	20060516-3881	Green	ggreen@finnsinte.se	2
758	Unhandled	z-oconnor6278@finnsinte.se	Zane	\N	20020211-6555	O'connor	z-oconnor6278@finnsinte.se	2
759	Unhandled	ciaranedwards@finnsinte.se	Ciaran	\N	20030515-2217	Edwards	ciaranedwards@finnsinte.se	2
760	Unhandled	russell_anika7139@finnsinte.se	Anika	\N	20030517-3236	Russell	russell_anika7139@finnsinte.se	2
761	Unhandled	ibauer706@finnsinte.se	Ima	\N	20060319-2345	Bauer	ibauer706@finnsinte.se	2
762	Unhandled	bean.malachi@finnsinte.se	Malachi	\N	20030417-5580	Bean	bean.malachi@finnsinte.se	2
763	Unhandled	lacey_romero@finnsinte.se	Lacey	\N	20080215-8508	Romero	lacey_romero@finnsinte.se	2
764	Unhandled	alvarez-oliver@finnsinte.se	Oliver	\N	20080412-6636	Alvarez	alvarez-oliver@finnsinte.se	2
765	Unhandled	l-bradley@finnsinte.se	Lewis	\N	20060515-9174	Bradley	l-bradley@finnsinte.se	2
766	Unhandled	tyler_carter@finnsinte.se	Tyler	\N	20050413-8629	Carter	tyler_carter@finnsinte.se	2
767	Unhandled	evanstamara@finnsinte.se	Tamara	\N	20000711-3877	Evans	evanstamara@finnsinte.se	2
768	Unhandled	craigray1166@finnsinte.se	Ray	\N	20060614-2441	Craig	craigray1166@finnsinte.se	2
769	Unhandled	colefritz@finnsinte.se	Fritz	\N	20000713-9913	Cole	colefritz@finnsinte.se	2
770	Unhandled	r_jillian@finnsinte.se	Jillian	\N	20060317-8573	Rogers	r_jillian@finnsinte.se	2
771	Unhandled	rtashya@finnsinte.se	Tashya	\N	20060715-1701	Reilly	rtashya@finnsinte.se	2
772	Unhandled	kcurtis@finnsinte.se	Kaitlin	\N	20030516-0250	Curtis	kcurtis@finnsinte.se	2
773	Unhandled	renee.reilly@finnsinte.se	Renee	\N	20020714-3777	Reilly	renee.reilly@finnsinte.se	2
774	Unhandled	sage-randolph@finnsinte.se	Sage	\N	20010314-8217	Randolph	sage-randolph@finnsinte.se	2
775	Unhandled	b-stacy3357@finnsinte.se	Stacy	\N	20080712-1245	Burris	b-stacy3357@finnsinte.se	2
776	Unhandled	coby-moody@finnsinte.se	Coby	\N	20020718-5973	Moody	coby-moody@finnsinte.se	2
777	Unhandled	a-berg2584@finnsinte.se	Audra	\N	20090913-1298	Berg	a-berg2584@finnsinte.se	2
778	Unhandled	s-cora2228@finnsinte.se	Cora	\N	20060316-7874	Sweeney	s-cora2228@finnsinte.se	2
779	Unhandled	holt.portia8182@finnsinte.se	Portia	\N	20080412-9438	Holt	holt.portia8182@finnsinte.se	2
780	Unhandled	mitchell-marvin@finnsinte.se	Marvin	\N	20010415-4313	Mitchell	mitchell-marvin@finnsinte.se	2
781	Unhandled	pate_karleigh@finnsinte.se	Karleigh	\N	20060718-9344	Pate	pate_karleigh@finnsinte.se	2
782	Unhandled	rodriquez_ulric6142@finnsinte.se	Ulric	\N	20040512-3568	Rodriquez	rodriquez_ulric6142@finnsinte.se	2
783	Unhandled	a_galloway@finnsinte.se	Amy	\N	20060615-4375	Galloway	a_galloway@finnsinte.se	2
784	Unhandled	palmer_manning4974@finnsinte.se	Palmer	\N	20050218-2998	Manning	palmer_manning4974@finnsinte.se	2
785	Unhandled	rhea_dotson@finnsinte.se	Rhea	\N	20070513-1148	Dotson	rhea_dotson@finnsinte.se	2
786	Unhandled	h_mooney@finnsinte.se	Hilda	\N	20040414-3673	Mooney	h_mooney@finnsinte.se	2
787	Unhandled	mcmillan_laura543@finnsinte.se	Laura	\N	20090811-7554	Mcmillan	mcmillan_laura543@finnsinte.se	2
788	Unhandled	h-diaz@finnsinte.se	Hilary	\N	20010716-1183	Diaz	h-diaz@finnsinte.se	2
789	Unhandled	m_hewitt633@finnsinte.se	MacKensie	\N	20010711-5246	Hewitt	m_hewitt633@finnsinte.se	2
790	Unhandled	christensen_winter1095@finnsinte.se	Winter	\N	20010514-6431	Christensen	christensen_winter1095@finnsinte.se	2
791	Unhandled	hoffman_basia@finnsinte.se	Basia	\N	20070913-8379	Hoffman	hoffman_basia@finnsinte.se	2
792	Unhandled	rafaelroach@finnsinte.se	Rafael	\N	20040612-5259	Roach	rafaelroach@finnsinte.se	2
793	Unhandled	calvin_soto@finnsinte.se	Calvin	\N	20030217-1533	Soto	calvin_soto@finnsinte.se	2
794	Unhandled	b.carlson@finnsinte.se	Brandon	\N	20080811-0540	Carlson	b.carlson@finnsinte.se	2
795	Unhandled	bentley-clark@finnsinte.se	Clark	\N	20050118-0695	Bentley	bentley-clark@finnsinte.se	2
796	Unhandled	f_jimenez2317@finnsinte.se	Fulton	\N	20030313-8258	Jimenez	f_jimenez2317@finnsinte.se	2
797	Unhandled	w.buckminster9103@finnsinte.se	Buckminster	\N	20070613-0874	Webster	w.buckminster9103@finnsinte.se	2
798	Unhandled	e-simon@finnsinte.se	Elizabeth	\N	20020116-7953	Simon	e-simon@finnsinte.se	2
799	Unhandled	r_yoko@finnsinte.se	Yoko	\N	20030312-8484	Ross	r_yoko@finnsinte.se	2
800	Unhandled	simpson.hammett6128@finnsinte.se	Hammett	\N	20030312-5828	Simpson	simpson.hammett6128@finnsinte.se	2
801	Unhandled	stuart.halee1185@finnsinte.se	Halee	\N	20050719-4638	Stuart	stuart.halee1185@finnsinte.se	2
802	Unhandled	v-kylan@finnsinte.se	Kylan	\N	20030213-9671	Vega	v-kylan@finnsinte.se	2
803	Unhandled	porterhonorato@finnsinte.se	Honorato	\N	20020716-6891	Porter	porterhonorato@finnsinte.se	2
804	Unhandled	petersenkay1385@finnsinte.se	Kay	\N	20020315-2754	Petersen	petersenkay1385@finnsinte.se	2
805	Unhandled	kylan_adkins5298@finnsinte.se	Kylan	\N	20000315-7948	Adkins	kylan_adkins5298@finnsinte.se	2
806	Unhandled	g_herrera9457@finnsinte.se	Gil	\N	20060216-7950	Herrera	g_herrera9457@finnsinte.se	2
807	Unhandled	v-indira5733@finnsinte.se	Indira	\N	20060613-4915	Velez	v-indira5733@finnsinte.se	2
808	Unhandled	wilder.jemima6440@finnsinte.se	Jemima	\N	20080312-5633	Wilder	wilder.jemima6440@finnsinte.se	2
809	Unhandled	r.xantha@finnsinte.se	Xantha	\N	20090519-5814	Reyes	r.xantha@finnsinte.se	2
810	Unhandled	hbeck16@finnsinte.se	Hashim	\N	20030313-8436	Beck	hbeck16@finnsinte.se	2
811	Unhandled	s_rylee8877@finnsinte.se	Rylee	\N	20050417-1974	Sheppard	s_rylee8877@finnsinte.se	2
812	Unhandled	l-greene@finnsinte.se	Laurel	\N	20060316-8311	Greene	l-greene@finnsinte.se	2
813	Unhandled	x_carver@finnsinte.se	Xyla	\N	20010912-4113	Carver	x_carver@finnsinte.se	2
814	Unhandled	hcynthia@finnsinte.se	Cynthia	\N	20070816-8668	Herrera	hcynthia@finnsinte.se	2
815	Unhandled	camacho_kyla9321@finnsinte.se	Kyla	\N	20070914-0183	Camacho	camacho_kyla9321@finnsinte.se	2
816	Unhandled	marnywatkins@finnsinte.se	Marny	\N	20070513-3742	Watkins	marnywatkins@finnsinte.se	2
817	Unhandled	herman-gross@finnsinte.se	Herman	\N	20080916-1726	Gross	herman-gross@finnsinte.se	2
818	Unhandled	wilkinson-hop@finnsinte.se	Hop	\N	20050413-8284	Wilkinson	wilkinson-hop@finnsinte.se	2
819	Unhandled	c.ingrid1935@finnsinte.se	Ingrid	\N	20050917-8518	Case	c.ingrid1935@finnsinte.se	2
820	Unhandled	wilkerson_carter9441@finnsinte.se	Carter	\N	20050413-9281	Wilkerson	wilkerson_carter9441@finnsinte.se	2
821	Unhandled	oyoung@finnsinte.se	Olivia	\N	20020318-2329	Young	oyoung@finnsinte.se	2
822	Unhandled	eaton.colt@finnsinte.se	Colt	\N	20030113-2387	Eaton	eaton.colt@finnsinte.se	2
823	Unhandled	bradley_lael1720@finnsinte.se	Lael	\N	20030314-5048	Bradley	bradley_lael1720@finnsinte.se	2
824	Unhandled	durham-devin4535@finnsinte.se	Devin	\N	20040714-1301	Durham	durham-devin4535@finnsinte.se	2
825	Unhandled	laith_fleming@finnsinte.se	Laith	\N	20010415-6650	Fleming	laith_fleming@finnsinte.se	2
826	Unhandled	snyder-asher5789@finnsinte.se	Asher	\N	20000311-7867	Snyder	snyder-asher5789@finnsinte.se	2
827	Unhandled	a-mckay3798@finnsinte.se	Adrian	\N	20090916-1244	Mckay	a-mckay3798@finnsinte.se	2
828	Unhandled	amerymeyers6802@finnsinte.se	Amery	\N	20040511-6798	Meyers	amerymeyers6802@finnsinte.se	2
829	Unhandled	keithgiacomo@finnsinte.se	Giacomo	\N	20020318-4982	Keith	keithgiacomo@finnsinte.se	2
830	Unhandled	cochran.bertha@finnsinte.se	Bertha	\N	20010315-9726	Cochran	cochran.bertha@finnsinte.se	2
831	Unhandled	buchanan.virginia@finnsinte.se	Virginia	\N	20040816-2381	Buchanan	buchanan.virginia@finnsinte.se	2
832	Unhandled	b.hollee@finnsinte.se	Hollee	\N	20090215-1627	Bradley	b.hollee@finnsinte.se	2
833	Unhandled	kelley-graiden6409@finnsinte.se	Graiden	\N	20000712-4865	Kelley	kelley-graiden6409@finnsinte.se	2
834	Unhandled	xantha-briggs7342@finnsinte.se	Xantha	\N	20050319-7225	Briggs	xantha-briggs7342@finnsinte.se	2
835	Unhandled	s-mcdaniel5180@finnsinte.se	Selma	\N	20030718-6144	Mcdaniel	s-mcdaniel5180@finnsinte.se	2
836	Unhandled	pollard.aline@finnsinte.se	Aline	\N	20010618-5035	Pollard	pollard.aline@finnsinte.se	2
837	Unhandled	shayslater8783@finnsinte.se	Shay	\N	20040512-6794	Slater	shayslater8783@finnsinte.se	2
838	Unhandled	craig.walters@finnsinte.se	Craig	\N	20070218-8242	Walters	craig.walters@finnsinte.se	2
839	Unhandled	f-gemma@finnsinte.se	Gemma	\N	20090118-1348	Fischer	f-gemma@finnsinte.se	2
840	Unhandled	pickett.tara@finnsinte.se	Tara	\N	20000315-2681	Pickett	pickett.tara@finnsinte.se	2
841	Unhandled	r-suarez@finnsinte.se	Rahim	\N	20080718-7812	Suarez	r-suarez@finnsinte.se	2
842	Unhandled	rsweeney2910@finnsinte.se	Rafael	\N	20060212-9589	Sweeney	rsweeney2910@finnsinte.se	2
843	Unhandled	d_curtis2568@finnsinte.se	Deborah	\N	20040617-4836	Curtis	d_curtis2568@finnsinte.se	2
844	Unhandled	g-shellie@finnsinte.se	Shellie	\N	20040717-4327	Garza	g-shellie@finnsinte.se	2
845	Unhandled	joan.simon@finnsinte.se	Joan	\N	20010116-4526	Simon	joan.simon@finnsinte.se	2
846	Unhandled	f_abel@finnsinte.se	Abel	\N	20070418-9341	Fulton	f_abel@finnsinte.se	2
847	Unhandled	ayanna.jackson@finnsinte.se	Ayanna	\N	20040612-5213	Jackson	ayanna.jackson@finnsinte.se	2
848	Unhandled	t-scott@finnsinte.se	Travis	\N	20020215-8495	Scott	t-scott@finnsinte.se	2
849	Unhandled	lacota.kidd964@finnsinte.se	Lacota	\N	20000518-2478	Kidd	lacota.kidd964@finnsinte.se	2
850	Unhandled	t_lindsay@finnsinte.se	Teagan	\N	20030318-3381	Lindsay	t_lindsay@finnsinte.se	2
851	Unhandled	s_wilkins@finnsinte.se	Samuel	\N	20090813-3561	Wilkins	s_wilkins@finnsinte.se	2
852	Unhandled	hensleyginger@finnsinte.se	Ginger	\N	20000514-3251	Hensley	hensleyginger@finnsinte.se	2
853	Unhandled	amaya_aguilar@finnsinte.se	Amaya	\N	20030919-8077	Aguilar	amaya_aguilar@finnsinte.se	2
854	Unhandled	lavinia-patterson4641@finnsinte.se	Lavinia	\N	20030518-4382	Patterson	lavinia-patterson4641@finnsinte.se	2
855	Unhandled	mcneil_inga2176@finnsinte.se	Inga	\N	20060715-5916	Mcneil	mcneil_inga2176@finnsinte.se	2
856	Unhandled	ferguson.giselle758@finnsinte.se	Giselle	\N	20080816-1933	Ferguson	ferguson.giselle758@finnsinte.se	2
857	Unhandled	m_callum2462@finnsinte.se	Callum	\N	20020918-8230	Mckay	m_callum2462@finnsinte.se	2
858	Unhandled	talonmcgowan@finnsinte.se	Talon	\N	20040714-9618	Mcgowan	talonmcgowan@finnsinte.se	2
859	Unhandled	stewartcora@finnsinte.se	Cora	\N	20080814-8867	Stewart	stewartcora@finnsinte.se	2
860	Unhandled	kinney.chancellor@finnsinte.se	Chancellor	\N	20000512-3132	Kinney	kinney.chancellor@finnsinte.se	2
861	Unhandled	bree_mosley7146@finnsinte.se	Bree	\N	20050617-2517	Mosley	bree_mosley7146@finnsinte.se	2
862	Unhandled	mckay.laurel8485@finnsinte.se	Laurel	\N	20050615-3832	Mckay	mckay.laurel8485@finnsinte.se	2
863	Unhandled	keller-colby@finnsinte.se	Colby	\N	20070815-8849	Keller	keller-colby@finnsinte.se	2
864	Unhandled	bradshaw-tucker1205@finnsinte.se	Tucker	\N	20020211-8125	Bradshaw	bradshaw-tucker1205@finnsinte.se	2
865	Unhandled	blackburn.randall7871@finnsinte.se	Randall	\N	20000615-7914	Blackburn	blackburn.randall7871@finnsinte.se	2
866	Unhandled	m.lynn9820@finnsinte.se	Lynn	\N	20050615-3272	Moon	m.lynn9820@finnsinte.se	2
867	Unhandled	fisher_kimberly@finnsinte.se	Kimberly	\N	20080114-5907	Fisher	fisher_kimberly@finnsinte.se	2
868	Unhandled	kdaugherty9995@finnsinte.se	Kiona	\N	20030217-3693	Daugherty	kdaugherty9995@finnsinte.se	2
869	Unhandled	medina.evelyn1544@finnsinte.se	Evelyn	\N	20070517-6294	Medina	medina.evelyn1544@finnsinte.se	2
870	Unhandled	s-french6314@finnsinte.se	Shad	\N	20050512-7746	French	s-french6314@finnsinte.se	2
871	Unhandled	c_wheeler2803@finnsinte.se	Celeste	\N	20000515-6964	Wheeler	c_wheeler2803@finnsinte.se	2
872	Unhandled	rhenry5444@finnsinte.se	Henry	\N	20030416-6814	Reilly	rhenry5444@finnsinte.se	2
873	Unhandled	m_madison4961@finnsinte.se	Madison	\N	20060716-3312	Melton	m_madison4961@finnsinte.se	2
874	Unhandled	sampson_xenos@finnsinte.se	Xenos	\N	20030115-6180	Sampson	sampson_xenos@finnsinte.se	2
875	Unhandled	h-cantrell7606@finnsinte.se	Herrod	\N	20060812-4533	Cantrell	h-cantrell7606@finnsinte.se	2
876	Unhandled	lucaschanning3726@finnsinte.se	Channing	\N	20070514-3271	Lucas	lucaschanning3726@finnsinte.se	2
877	Unhandled	gabriel_cox7897@finnsinte.se	Gabriel	\N	20050813-9749	Cox	gabriel_cox7897@finnsinte.se	2
878	Unhandled	vedahuber3105@finnsinte.se	Veda	\N	20070814-9587	Huber	vedahuber3105@finnsinte.se	2
879	Unhandled	keely.church@finnsinte.se	Keely	\N	20010511-0498	Church	keely.church@finnsinte.se	2
880	Unhandled	timon-ball1269@finnsinte.se	Timon	\N	20020117-3275	Ball	timon-ball1269@finnsinte.se	2
881	Unhandled	lesley_roberts6238@finnsinte.se	Lesley	\N	20050212-5179	Roberts	lesley_roberts6238@finnsinte.se	2
882	Unhandled	a_williams@finnsinte.se	Adam	\N	20070811-1205	Williams	a_williams@finnsinte.se	2
883	Unhandled	carney_phelan6642@finnsinte.se	Phelan	\N	20050216-5545	Carney	carney_phelan6642@finnsinte.se	2
884	Unhandled	solis-regan@finnsinte.se	Regan	\N	20070917-4473	Solis	solis-regan@finnsinte.se	2
885	Unhandled	c_gillespie6830@finnsinte.se	Cruz	\N	20070917-2175	Gillespie	c_gillespie6830@finnsinte.se	2
886	Unhandled	nolanmyles7196@finnsinte.se	Myles	\N	20090718-4385	Nolan	nolanmyles7196@finnsinte.se	2
887	Unhandled	acton.santiago540@finnsinte.se	Acton	\N	20040514-3563	Santiago	acton.santiago540@finnsinte.se	2
888	Unhandled	jaime-jennings@finnsinte.se	Jaime	\N	20070117-3631	Jennings	jaime-jennings@finnsinte.se	2
889	Unhandled	douglas_timon2153@finnsinte.se	Timon	\N	20070715-6209	Douglas	douglas_timon2153@finnsinte.se	2
890	Unhandled	hahnkevyn@finnsinte.se	Kevyn	\N	20010214-8797	Hahn	hahnkevyn@finnsinte.se	2
891	Unhandled	cortez_conan7591@finnsinte.se	Conan	\N	20040213-1348	Cortez	cortez_conan7591@finnsinte.se	2
892	Unhandled	alexa-middleton@finnsinte.se	Alexa	\N	20050711-4342	Middleton	alexa-middleton@finnsinte.se	2
893	Unhandled	benson.macey@finnsinte.se	Macey	\N	20050613-5548	Benson	benson.macey@finnsinte.se	2
894	Unhandled	r-luna1840@finnsinte.se	Raven	\N	20060615-8388	Luna	r-luna1840@finnsinte.se	2
895	Unhandled	nevenewton@finnsinte.se	Neve	\N	20000117-4854	Newton	nevenewton@finnsinte.se	2
896	Unhandled	walter-hodges@finnsinte.se	Walter	\N	20060212-1937	Hodges	walter-hodges@finnsinte.se	2
897	Unhandled	nero-faulkner1855@finnsinte.se	Nero	\N	20060318-6395	Faulkner	nero-faulkner1855@finnsinte.se	2
898	Unhandled	r_gutierrez@finnsinte.se	Robert	\N	20040318-5722	Gutierrez	r_gutierrez@finnsinte.se	2
899	Unhandled	o.decker@finnsinte.se	Odysseus	\N	20030715-5825	Decker	o.decker@finnsinte.se	2
900	Unhandled	sgallagher8213@finnsinte.se	Simon	\N	20040911-1699	Gallagher	sgallagher8213@finnsinte.se	2
\.


--
-- TOC entry 3343 (class 0 OID 55823)
-- Dependencies: 212
-- Data for Name: role; Type: TABLE DATA; Schema: public; Owner: postgres
--

COPY public.role (id, role_name) FROM stdin;
1	recruiter
2	applicant
\.


--
-- TOC entry 3356 (class 0 OID 0)
-- Dependencies: 209
-- Name: applications_sequence; Type: SEQUENCE SET; Schema: public; Owner: postgres
--

SELECT pg_catalog.setval('public.applications_sequence', 1, false);


--
-- TOC entry 3357 (class 0 OID 0)
-- Dependencies: 213
-- Name: availability_sequence; Type: SEQUENCE SET; Schema: public; Owner: postgres
--

SELECT pg_catalog.setval('public.availability_sequence', 4, true);


--
-- TOC entry 3358 (class 0 OID 0)
-- Dependencies: 214
-- Name: competence_profile_sequence; Type: SEQUENCE SET; Schema: public; Owner: postgres
--

SELECT pg_catalog.setval('public.competence_profile_sequence', 4, true);


--
-- TOC entry 3359 (class 0 OID 0)
-- Dependencies: 215
-- Name: competence_sequence; Type: SEQUENCE SET; Schema: public; Owner: postgres
--

SELECT pg_catalog.setval('public.competence_sequence', 1, false);


--
-- TOC entry 3360 (class 0 OID 0)
-- Dependencies: 216
-- Name: person_sequence; Type: SEQUENCE SET; Schema: public; Owner: postgres
--

SELECT pg_catalog.setval('public.person_sequence', 1012, true);


--
-- TOC entry 3361 (class 0 OID 0)
-- Dependencies: 217
-- Name: role_sequence; Type: SEQUENCE SET; Schema: public; Owner: postgres
--

SELECT pg_catalog.setval('public.role_sequence', 1, false);


--
-- TOC entry 3194 (class 2606 OID 55894)
-- Name: availability availability_pkey; Type: CONSTRAINT; Schema: public; Owner: postgres
--

ALTER TABLE ONLY public.availability
    ADD CONSTRAINT availability_pkey PRIMARY KEY (availability_id);


--
-- TOC entry 3186 (class 2606 OID 55810)
-- Name: competence competence_pkey; Type: CONSTRAINT; Schema: public; Owner: postgres
--

ALTER TABLE ONLY public.competence
    ADD CONSTRAINT competence_pkey PRIMARY KEY (competence_id);


--
-- TOC entry 3196 (class 2606 OID 55901)
-- Name: competence_profile competence_profile_pkey; Type: CONSTRAINT; Schema: public; Owner: postgres
--

ALTER TABLE ONLY public.competence_profile
    ADD CONSTRAINT competence_profile_pkey PRIMARY KEY (competence_profile_id);


--
-- TOC entry 3188 (class 2606 OID 55822)
-- Name: person person_pkey; Type: CONSTRAINT; Schema: public; Owner: postgres
--

ALTER TABLE ONLY public.person
    ADD CONSTRAINT person_pkey PRIMARY KEY (person_id);


--
-- TOC entry 3192 (class 2606 OID 55829)
-- Name: role role_pkey; Type: CONSTRAINT; Schema: public; Owner: postgres
--

ALTER TABLE ONLY public.role
    ADD CONSTRAINT role_pkey PRIMARY KEY (id);


--
-- TOC entry 3190 (class 2606 OID 55831)
-- Name: person uk_65xc5tp04rar603vwkwlwn2wj; Type: CONSTRAINT; Schema: public; Owner: postgres
--

ALTER TABLE ONLY public.person
    ADD CONSTRAINT uk_65xc5tp04rar603vwkwlwn2wj UNIQUE (pnr);


--
-- TOC entry 3198 (class 2606 OID 55902)
-- Name: availability fk3usgx2d0m0d7qg6cisrolum7n; Type: FK CONSTRAINT; Schema: public; Owner: postgres
--

ALTER TABLE ONLY public.availability
    ADD CONSTRAINT fk3usgx2d0m0d7qg6cisrolum7n FOREIGN KEY (fk_id_person) REFERENCES public.person(person_id);


--
-- TOC entry 3200 (class 2606 OID 55912)
-- Name: competence_profile fkhvy4evjk2j2bj9dyksr53q2mh; Type: FK CONSTRAINT; Schema: public; Owner: postgres
--

ALTER TABLE ONLY public.competence_profile
    ADD CONSTRAINT fkhvy4evjk2j2bj9dyksr53q2mh FOREIGN KEY (fk_id_person) REFERENCES public.person(person_id);


--
-- TOC entry 3199 (class 2606 OID 55907)
-- Name: competence_profile fkklat9eumo5h2a6wr6pcjbqn8q; Type: FK CONSTRAINT; Schema: public; Owner: postgres
--

ALTER TABLE ONLY public.competence_profile
    ADD CONSTRAINT fkklat9eumo5h2a6wr6pcjbqn8q FOREIGN KEY (fk_id_competence) REFERENCES public.competence(competence_id);


--
-- TOC entry 3197 (class 2606 OID 55852)
-- Name: person fkmf04a1y2b9a9476q4s5thbmll; Type: FK CONSTRAINT; Schema: public; Owner: postgres
--

ALTER TABLE ONLY public.person
    ADD CONSTRAINT fkmf04a1y2b9a9476q4s5thbmll FOREIGN KEY (fk_id_role) REFERENCES public.role(id);


-- Completed on 2023-03-05 17:08:49

--
-- PostgreSQL database dump complete
--

